"recruit_type","year","ranking","name","school","committed_to","position","height","weight","stars","rating","city","state_province","county_fips","county_name","position_group","recruit_lon","recruit_lat","school_lon","school_lat","dist_mi","metro_area","first_name_cleaned","success","last_year","failure"
"HighSchool",2002,507,"Grant Brigham","Mountain Brook","Vanderbilt","WR",73,170,3,0.8333,"Birmingham","AL",1073,"Jefferson","WR",-86.8103567,33.5185892,-86.7816016,36.1626638,182.938942049469,"Birmingham-Hoover-Talladega, AL","grant",0,NA,0
"HighSchool",2002,679,"Antoine Morgan","Marlboro County","Vanderbilt","WDE",77,210,3,0.8,"Bennettsville","SC",45069,"Marlboro","DL",-79.6847814,34.6173803,-86.7816016,36.1626638,414.19423349819,"Rural, SC","antoine",0,NA,0
"HighSchool",2002,720,"Richard Freeman","Brentwood","Vanderbilt","WDE",77,230,3,0.8,"Brentwood","TN",47187,"Williamson","DL",-86.7827772,36.0331164,-86.7816016,36.1626638,8.96304429465517,"Nashville-Davidson--Murfreesboro, TN","richard",0,NA,0
"HighSchool",2002,830,"Steven Brent","Georgetown","Vanderbilt","OG",76,270,3,0.8,"Georgetown","TX",48491,"Williamson","OL",-97.6779842,30.6332618,-86.7816016,36.1626638,735.798456188423,"Austin-Round Rock-Georgetown, TX","steven",0,NA,0
"HighSchool",2002,842,"Steven Bright","Riverside","Vanderbilt","DUAL",76,205,3,0.8,"Greer","SC",45045,"Greenville","QB",-82.2270568,34.9387279,-86.7816016,36.1626638,269.961874470088,"Greenville-Spartanburg-Anderson, SC","steven",0,NA,0
"HighSchool",2002,1520,"Brad Anderson","Urbana","Vanderbilt","FB",72,225,2,0.7667,"Ijamsville","MD",24021,"Frederick","RB",-77.3230553,39.3607976,-86.7816016,36.1626638,562.295812076324,"Washington-Baltimore-Arlington, DC-MD-VA-WV-PA","brad",0,NA,0
"HighSchool",2002,1553,"Andrew Pace","Mountain Brook","Vanderbilt","S",71,185,2,0.7667,"Birmingham","AL",1073,"Jefferson","DB",-86.8103567,33.5185892,-86.7816016,36.1626638,182.938942049469,"Birmingham-Hoover-Talladega, AL","andrew",0,NA,0
"HighSchool",2002,1555,"Ron Bullock","Brother Martin","Vanderbilt","RB",70,215,2,0.7667,"New Orleans","LA",22071,"Orleans","RB",-90.0715323,29.9510658,-86.7816016,36.1626638,470.103203314899,"New Orleans-Metairie-Hammond, LA-MS","ron",0,NA,0
"HighSchool",2002,1557,"Adam Dossett","Parklane Academy","Vanderbilt","OG",76,260,2,0.7667,"Mccomb","MS",28113,"Pike","OL",-90.4531535,31.2437872,-86.7816016,36.1626638,400.503650917133,"Rural, MS","adam",0,NA,0
"HighSchool",2002,1564,"Kevin Joyce","Lake Highland Prep","Vanderbilt","OLB",75,205,2,0.7667,"Orlando","FL",12095,"Orange","LB",-81.3792365,28.5383355,-86.7816016,36.1626638,614.494497702235,"Orlando-Lakeland-Deltona, FL","kevin",0,NA,0
"HighSchool",2002,1594,"Patrick Johnson","Athens","Vanderbilt","K",70,170,2,0.7667,"Athens","AL",1083,"Limestone","ST",-86.9716741,34.8028661,-86.7816016,36.1626638,94.6856762812063,"Huntsville-Decatur, AL","patrick",0,NA,0
"HighSchool",2002,1608,"Greg Johnson","Parkview","Vanderbilt","P",74,175,2,0.7667,"Lilburn","GA",13135,"Gwinnett","ST",-84.1429719,33.8901036,-86.7816016,36.1626638,216.933255435923,"Atlanta--Athens-Clarke County--Sandy Springs, GA-AL","greg",0,NA,0
"HighSchool",2002,1609,"Chris Booker","Northwest Rankin","Vanderbilt","OLB",76,220,2,0.7667,"Flowood","MS",28121,"Rankin","LB",-90.0927549,32.3380521,-86.7816016,36.1626638,325.328336033269,"Jackson-Vicksburg-Brookhaven, MS","chris",0,NA,0
"HighSchool",2002,1626,"Ray Brown","Jackson Memorial","Vanderbilt","DT",74,267,2,0.7667,"Jackson","NJ",34029,"Ocean","DL",-74.3587473,40.0918895,-86.7816016,36.1626638,727.888257461093,"New York-Newark, NY-NJ-CT-PA","ray",0,NA,0
"HighSchool",2002,1633,"Mac Pyle","Adairsville","Vanderbilt","OG",76,285,2,0.7667,"Adairsville","GA",13015,"Bartow","OL",-84.9341093,34.3687021,-86.7816016,36.1626638,162.153791193233,"Atlanta--Athens-Clarke County--Sandy Springs, GA-AL","mac",0,NA,0
"HighSchool",2002,1647,"Herdley Harrison","Marietta","Vanderbilt","OLB",75,215,2,0.7667,"Marietta","GA",13067,"Cobb","LB",-84.5499327,33.952602,-86.7816016,36.1626638,198.362986495935,"Atlanta--Athens-Clarke County--Sandy Springs, GA-AL","herdley",0,NA,0
"HighSchool",2002,1655,"Erik Davis","Ezell-Harding Christian","Vanderbilt","ATH",75,180,2,0.7667,"Antioch","TN",47037,"Davidson","ATH",-86.6715948,36.0597177,-86.7816016,36.1626638,9.40924908726966,"Nashville-Davidson--Murfreesboro, TN","erik",0,NA,0
"HighSchool",2002,1685,"Tim Miller","Detroit Country Day","Vanderbilt","CB",74,188,2,0.7667,"Franklin","MI",26125,"Oakland","DB",-83.3060432,42.5222567,-86.7816016,36.1626638,477.560101357719,"Detroit-Warren-Ann Arbor, MI","tim",0,NA,0
"HighSchool",2002,1703,"Funtaine Hunter","Lowndes","Vanderbilt","S",75,205,2,0.7667,"Valdosta","GA",13185,"Lowndes","DB",-83.2784851,30.8327022,-86.7816016,36.1626638,420.425363242076,"Valdosta, GA","funtaine",0,NA,0
"HighSchool",2002,1719,"Blake Luker","Collinwood","Vanderbilt","OG",77,300,2,0.7667,"Collinwood","TN",47181,"Wayne","OL",-87.7378029,35.1742474,-86.7816016,36.1626638,86.9752210151751,"Rural, TN","blake",0,NA,0
"HighSchool",2003,185,"Marcus Dixon","Pepperell","Vanderbilt","SDE",78,260,4,0.9,"Lindale","GA",13115,"Floyd","DL",-85.1746725,34.1867623,-86.7816016,36.1626638,164.146365986424,"Atlanta--Athens-Clarke County--Sandy Springs, GA-AL","marcus",0,NA,0
"HighSchool",2003,299,"Jonathan Loyte","St. John's Prep","Vanderbilt","TE",78,245,3,0.8667,"Danvers","MA",25009,"Essex","TE",-70.932122,42.5750009,-86.7816016,36.1626638,954.637973842918,"Boston-Worcester-Providence, MA-RI-NH-CT","jonathan",0,NA,0
"HighSchool",2003,540,"Jonathan Goff","St. John's Prep","Vanderbilt","OLB",74,215,3,0.8333,"Danvers","MA",25009,"Essex","LB",-70.932122,42.5750009,-86.7816016,36.1626638,954.637973842918,"Boston-Worcester-Providence, MA-RI-NH-CT","jonathan",1,NA,0
"HighSchool",2003,1009,"Antron Dillon","Independence","Vanderbilt","OLB",77,210,3,0.8,"Independence","LA",22105,"Tangipahoa","LB",-90.5009245,30.635466,-86.7816016,36.1626638,438.514517480147,"New Orleans-Metairie-Hammond, LA-MS","antron",0,NA,0
"HighSchool",2003,1027,"Elliot Hood","Franklin Central","Vanderbilt","OT",78,240,3,0.8,"Indianapolis","IN",18097,"Marion","OL",-86.158068,39.768403,-86.7816016,36.1626638,251.770461764575,"Indianapolis-Carmel-Muncie, IN","elliot",0,NA,0
"HighSchool",2003,1292,"Bill Alford","Brunswick","Vanderbilt","CB",69,185,2,0.7667,"Brunswick","GA",13127,"Glynn","DB",-81.4914894,31.1499528,-86.7816016,36.1626638,461.441203629204,"Brunswick, GA","bill",0,NA,0
"HighSchool",2003,1456,"Tom Sorensen","Brighton","Vanderbilt","OG",76,280,2,0.7667,"Salt Lake City","UT",49035,"Salt Lake","OL",-111.8910474,40.7607793,-86.7816016,36.1626638,1391.80267468765,"Salt Lake City-Provo-Orem, UT","tom",0,NA,0
"HighSchool",2003,1499,"Marlon White","Westside","Vanderbilt","WR",76,180,2,0.7667,"Macon","GA",13021,"Bibb","WR",-83.6324022,32.8406946,-86.7816016,36.1626638,291.61410421927,"Macon-Bibb County--Warner Robins, GA","marlon",0,NA,0
"HighSchool",2003,1535,"Darnell Martemus","St. Ignatius","Vanderbilt","CB",71,195,2,0.7667,"Cleveland","OH",39035,"Cuyahoga","DB",-81.6943605,41.49932,-86.7816016,36.1626638,459.69291169557,"Cleveland-Akron-Canton, OH","darnell",0,NA,0
"HighSchool",2003,1537,"Marcus Buggs","Goodpasture Christian School","Vanderbilt","S",71,185,2,0.7667,"Madison","TN",47037,"Davidson","DB",-86.7143516,36.2562002,-86.7816016,36.1626638,7.48143721524464,"Nashville-Davidson--Murfreesboro, TN","marcus",1,NA,0
"HighSchool",2003,1707,"Brian Stamper","Lake Highland Prep","Vanderbilt","OG",78,270,2,0.7667,"Orlando","FL",12095,"Orange","OL",-81.3792365,28.5383355,-86.7816016,36.1626638,614.494497702235,"Orlando-Lakeland-Deltona, FL","brian",1,NA,0
"HighSchool",2003,1717,"Merritt Kirchoffer","Roswell","Vanderbilt","OG",77,285,2,0.7667,"Roswell","GA",13121,"Fulton","OL",-84.3615555,34.0232431,-86.7816016,36.1626638,201.669745385577,"Atlanta--Athens-Clarke County--Sandy Springs, GA-AL","merritt",0,NA,0
"HighSchool",2003,1725,"Stephon Johnson","Marshall County","Vanderbilt","WR",75,190,2,0.7667,"Lewisburg","TN",47117,"Marshall","WR",-86.7888887,35.4492404,-86.7816016,36.1626638,49.3602575244451,"Nashville-Davidson--Murfreesboro, TN","stephon",0,NA,0
"HighSchool",2003,1732,"Josh Eames","Lower Cape May Reg","Vanderbilt","OT",77,275,2,0.7667,"Cape May","NJ",34009,"Cape May","OL",-74.9060053,38.9351125,-86.7816016,36.1626638,678.475324609841,"Philadelphia-Reading-Camden, PA-NJ-DE-MD","josh",0,NA,0
"HighSchool",2003,1744,"George Smith","Hollywood Hills","Vanderbilt","WR",75,195,2,0.7667,"Hollywood","FL",12011,"Broward","WR",-80.1494901,26.0112014,-86.7816016,36.1626638,804.232566083225,"Miami-Port St. Lucie-Fort Lauderdale, FL","george",0,NA,0
"HighSchool",2003,1859,"Lance Parker","Bryant","Vanderbilt","PRO",74,178,2,0.7667,"Bryant","AR",5125,"Saline","QB",-92.4890469,34.5959265,-86.7816016,36.1626638,339.645588649419,"Little Rock-North Little Rock, AR","lance",0,NA,0
"HighSchool",2003,1911,"Khalil Sutton","Westlake","Vanderbilt","CB",70,188,2,0.7667,"Atlanta","GA",13121,"Fulton","DB",-84.3879824,33.7489954,-86.7816016,36.1626638,215.175296632212,"Atlanta--Athens-Clarke County--Sandy Springs, GA-AL","khalil",0,NA,0
"HighSchool",2003,1968,"Sean Dixon","Chamberlain","Vanderbilt","CB",72,180,2,0.7667,"Tampa","FL",12057,"Hillsborough","DB",-82.4571776,27.950575,-86.7816016,36.1626638,621.973960555706,"Tampa-St. Petersburg-Clearwater, FL","sean",0,NA,0
"HighSchool",2003,1985,"Curtis Gatewood","White Station","Vanderbilt","ILB",75,215,2,0.7667,"Memphis","TN",47157,"Shelby","LB",-90.0489801,35.1495343,-86.7816016,36.1626638,196.583227249796,"Memphis-Forrest City, TN-MS-AR","curtis",1,NA,0
"HighSchool",2003,2033,"Nick Brigham","Batesburg-Leesville","Vanderbilt","TE",76,238,2,0.7667,"Batesburg","SC",45063,"Lexington","TE",-81.5373261,33.9101425,-86.7816016,36.1626638,335.401421932327,"Columbia-Orangeburg-Newberry, SC","nick",0,NA,0
"HighSchool",2003,2098,"Chris Williams","Catholic","Vanderbilt","OT",78,260,2,0.7667,"Baton Rouge","LA",22033,"East Baton Rouge","OL",-91.1871466,30.4514677,-86.7816016,36.1626638,469.984438435311,"Baton Rouge, LA","chris",1,NA,0
"HighSchool",2004,245,"Brad Allen","Venice","Vanderbilt","TE",76,240,3,0.8778,"Venice","FL",12115,"Sarasota","TE",-82.4542632,27.0997775,-86.7816016,36.1626638,676.636017482496,"North Port-Sarasota, FL","brad",0,NA,0
"HighSchool",2004,582,"Hamilton Holliday","Walton","Vanderbilt","OG",75,275,3,0.8333,"Marietta","GA",13067,"Cobb","OL",-84.5499327,33.952602,-86.7816016,36.1626638,198.362986495935,"Atlanta--Athens-Clarke County--Sandy Springs, GA-AL","hamilton",0,NA,0
"HighSchool",2004,669,"Jared Fagan","Westlake","Vanderbilt","ATH",70,155,3,0.8111,"Waldorf","MD",24017,"Charles","ATH",-76.9105483,38.6265124,-86.7816016,36.1626638,568.372971925544,"Washington-Baltimore-Arlington, DC-MD-VA-WV-PA","jared",0,NA,0
"HighSchool",2004,721,"Daniel Lee","Park Hill South","Vanderbilt","K",72,185,3,0.8111,"Riverside","MO",29165,"Platte","ST",-94.6130121,39.1775031,-86.7816016,36.1626638,476.669999314416,"Kansas City-Overland Park-Kansas City, MO-KS","daniel",0,NA,0
"HighSchool",2004,853,"Chris Nickson","Pike Co Sch","Vanderbilt","ATH",73,200,2,0.7889,"Brundidge","AL",1109,"Pike","ATH",-85.8160567,31.7201615,-86.7816016,36.1626638,312.307299436392,"Rural, AL","chris",0,NA,0
"HighSchool",2004,858,"Brandon Holmes","Garland","Vanderbilt","TE",74,244,2,0.7889,"Garland","TX",48113,"Dallas","TE",-96.6388833,32.912624,-86.7816016,36.1626638,604.736599492391,"Dallas-Fort Worth, TX-OK","brandon",0,NA,0
"HighSchool",2004,936,"Jeff Jennings","Jefferson County","Vanderbilt","OLB",74,215,2,0.7889,"Dandridge","TN",47089,"Jefferson","LB",-83.4148895,36.0153693,-86.7816016,36.1626638,188.495671932398,"Knoxville-Morristown-Sevierville, TN","jeff",0,NA,0
"HighSchool",2004,946,"Lamar Divens","Lincoln County","Vanderbilt","DT",76,270,2,0.7889,"Fayetteville","TN",47103,"Lincoln","DL",-86.5705508,35.1520266,-86.7816016,36.1626638,70.9207819493241,"Rural, TN","lamar",0,NA,0
"HighSchool",2004,1215,"Bryant Anderson","Centennial","Vanderbilt","ATH",75,200,2,0.7667,"Roswell","GA",13121,"Fulton","ATH",-84.3615555,34.0232431,-86.7816016,36.1626638,201.669745385577,"Atlanta--Athens-Clarke County--Sandy Springs, GA-AL","bryant",0,NA,0
"HighSchool",2004,1780,"Jeremy Gales","Spring Hill","Vanderbilt","OG",76,260,2,0.7444,"Columbia","TN",47119,"Maury","OL",-87.0352831,35.6150716,-86.7816016,36.1626638,40.4658635208543,"Nashville-Davidson--Murfreesboro, TN","jeremy",0,NA,0
"HighSchool",2004,1848,"Theo Horrocks","Lincoln County","Vanderbilt","DT",75,260,2,0.7444,"Fayetteville","TN",47103,"Lincoln","DL",-86.5705508,35.1520266,-86.7816016,36.1626638,70.9207819493241,"Rural, TN","theo",0,NA,0
"HighSchool",2004,1931,"Cassen Jackson","Knoxville Central","Vanderbilt","RB",73,205,2,0.7444,"Knoxville","TN",47093,"Knox","RB",-83.9207392,35.9606384,-86.7816016,36.1626638,160.607028461801,"Knoxville-Morristown-Sevierville, TN","cassen",0,NA,0
"HighSchool",2004,1978,"Josh Allen","Roswell","Vanderbilt","CB",69,180,2,0.7222,"Roswell","GA",13121,"Fulton","DB",-84.3615555,34.0232431,-86.7816016,36.1626638,201.669745385577,"Atlanta--Athens-Clarke County--Sandy Springs, GA-AL","josh",0,NA,0
"HighSchool",2004,1994,"Zach Logan","Rivercrest","Vanderbilt","ATH",73,220,2,0.7222,"Wilson","AR",5093,"Mississippi","ATH",-90.0420342,35.5681363,-86.7816016,36.1626638,187.364903384485,"Rural, AR","zach",0,NA,0
"HighSchool",2004,2003,"Sean Walker","Jefferson County","Vanderbilt","WR",73,170,2,0.7222,"Louisville","GA",13163,"Jefferson","WR",-82.4112377,33.0015407,-86.7816016,36.1626638,331.293952689947,"Rural, GA","sean",0,NA,0
"HighSchool",2004,2008,"Reshard Langford","Tanner Sch","Vanderbilt","RB",74,205,2,0.7222,"Tanner","AL",1083,"Limestone","RB",-86.9705632,34.7314786,-86.7816016,36.1626638,99.5883307357068,"Huntsville-Decatur, AL","reshard",1,NA,0
"HighSchool",2004,2012,"Demarcus Bradley","Springfield","Vanderbilt","SDE",74,261,2,0.7222,"Springfield","TN",47147,"Robertson","DL",-86.8849984,36.5092118,-86.7816016,36.1626638,24.6588871161649,"Nashville-Davidson--Murfreesboro, TN","demarcus",0,NA,0
"HighSchool",2004,2035,"David Whittington","St. Thomas More","Vanderbilt","FB",74,240,2,0.7222,"Lafayette","LA",22055,"Lafayette","RB",-92.0198427,30.2240897,-86.7816016,36.1626638,510.467418111239,"Lafayette-Opelousas-Morgan City, LA","david",0,NA,0
"HighSchool",2005,597,"Earl Bennett","West End Sch","Vanderbilt","WR",72,192,3,0.8333,"Birmingham","AL",1073,"Jefferson","WR",-86.8103567,33.5185892,-86.7816016,36.1626638,182.938942049469,"Birmingham-Hoover-Talladega, AL","earl",1,NA,0
"HighSchool",2005,749,"Mackenzi Adams","Union","Vanderbilt","DUAL",74,183,3,0.8333,"Tulsa","OK",40143,"Tulsa","QB",-95.992775,36.1539816,-86.7816016,36.1626638,514.340271289832,"Tulsa-Muskogee-Bartlesville, OK","mackenzi",0,2009,0
"HighSchool",2005,989,"Justin Wheeler","North Augusta","Vanderbilt","WR",74,180,2,0.7889,"North Augusta","SC",45003,"Aiken","WR",-81.9651152,33.5018026,-86.7816016,36.1626638,329.634696327823,"Augusta-Richmond County, GA-SC","justin",0,NA,0
"HighSchool",2005,1018,"Jake Bradford","Glynn Academy","Vanderbilt","TE",79,234,2,0.7889,"Brunswick","GA",13127,"Glynn","TE",-81.4914894,31.1499528,-86.7816016,36.1626638,461.441203629204,"Brunswick, GA","jake",0,NA,0
"HighSchool",2005,1070,"Eric Hensley","Clinton","Vanderbilt","OT",77,287,2,0.7889,"Clinton","TN",47001,"Anderson","OL",-84.1318632,36.1034126,-86.7816016,36.1626638,148.113368285901,"Knoxville-Morristown-Sevierville, TN","eric",0,2009,0
"HighSchool",2005,1161,"Daniel Dufrene","Stranahan","Vanderbilt","APB",70,180,2,0.7667,"Fort Lauderdale","FL",12011,"Broward","RB",-80.1373174,26.1224386,-86.7816016,36.1626638,797.771149839718,"Miami-Port St. Lucie-Fort Lauderdale, FL","daniel",0,NA,0
"HighSchool",2005,1172,"Larry Simmons","Anderson","Vanderbilt","WR",70,170,2,0.7667,"Austin","TX",48453,"Travis","WR",-97.7430608,30.267153,-86.7816016,36.1626638,753.486866736702,"Austin-Round Rock-Georgetown, TX","larry",0,NA,0
"HighSchool",2005,1216,"Thomas Welch","Brentwood","Vanderbilt","TE",79,235,2,0.7667,"Brentwood","TN",47187,"Williamson","TE",-86.7827772,36.0331164,-86.7816016,36.1626638,8.96304429465517,"Nashville-Davidson--Murfreesboro, TN","thomas",1,2009,0
"HighSchool",2005,1300,"Jared Hawkins","Klein","Vanderbilt","APB",70,175,2,0.7667,"Spring","TX",48201,"Harris","RB",-95.4171601,30.0799405,-86.7816016,36.1626638,653.302435282098,"Houston-The Woodlands, TX","jared",0,2009,0
"HighSchool",2005,1328,"Darlron Spead","Camden County","Vanderbilt","CB",71,169,2,0.7667,"Kingsland","GA",13039,"Camden","DB",-81.6898261,30.7999563,-86.7816016,36.1626638,473.101991957386,"Jacksonville-St. Marys-Palatka, FL-GA","darlron",0,NA,0
"HighSchool",2005,1379,"Ryan Hamilton","Council Rock North","Vanderbilt","S",73,198,2,0.7667,"Newtown","PA",42017,"Bucks","DB",-74.9322596,40.2283371,-86.7816016,36.1626638,702.255809235877,"Philadelphia-Reading-Camden, PA-NJ-DE-MD","ryan",0,NA,0
"HighSchool",2005,1502,"Duran Coger","Deshler Sch","Vanderbilt","CB",72,185,2,0.7444,"Tuscumbia","AL",1033,"Colbert","DB",-87.70253,34.7312005,-86.7816016,36.1626638,111.812544730334,"Florence-Muscle Shoals, AL","duran",0,NA,0
"HighSchool",2005,1520,"Derrius Dowell","Douglass","Vanderbilt","DT",75,250,2,0.7444,"Atlanta","GA",13121,"Fulton","DL",-84.3879824,33.7489954,-86.7816016,36.1626638,215.175296632212,"Atlanta--Athens-Clarke County--Sandy Springs, GA-AL","derrius",0,NA,0
"HighSchool",2005,1580,"Quavian Lewis","Charles Henderson Sch","Vanderbilt","OLB",76,196,2,0.7444,"Troy","AL",1109,"Pike","LB",-85.969951,31.8087678,-86.7816016,36.1626638,304.799873403902,"Rural, AL","quavian",0,NA,0
"HighSchool",2005,1641,"Ryan Custer","Troy","Vanderbilt","OG",76,290,2,0.7444,"Troy","OH",39109,"Miami","OL",-84.2032767,40.0394982,-86.7816016,36.1626638,302.695324044769,"Dayton-Springfield-Kettering, OH","ryan",0,2009,0
"HighSchool",2005,1714,"Steven Stone","Conway","Vanderbilt","SDE",78,230,2,0.7222,"Conway","AR",5045,"Faulkner","DL",-92.4421011,35.0886963,-86.7816016,36.1626638,326.830453366722,"Little Rock-North Little Rock, AR","steven",0,2009,0
"HighSchool",2005,1738,"Bradley Vierling","Central Bucks East","Vanderbilt","OT",76,280,2,0.7222,"Doylestown","PA",42017,"Bucks","OL",-75.1298939,40.3101063,-86.7816016,36.1626638,694.42678091546,"Philadelphia-Reading-Camden, PA-NJ-DE-MD","bradley",0,2009,0
"HighSchool",2005,1740,"Alex Washington","Stephenson","Vanderbilt","WR",68,170,2,0.7222,"Stone Mountain","GA",13089,"DeKalb","WR",-84.170196,33.8081608,-86.7816016,36.1626638,220.085814056052,"Atlanta--Athens-Clarke County--Sandy Springs, GA-AL","alex",0,2009,0
"HighSchool",2005,1745,"Chris Johnson","Westminster School At Oak Mountain","Vanderbilt","ILB",73,215,2,0.7222,"Birmingham","AL",1073,"Jefferson","LB",-86.8103567,33.5185892,-86.7816016,36.1626638,182.938942049469,"Birmingham-Hoover-Talladega, AL","chris",0,2009,0
"HighSchool",2005,1781,"Broderick Stewart","Riverside Military Academy","Vanderbilt","WDE",77,195,2,0.7222,"Gainesville","GA",13139,"Hall","DL",-83.8240663,34.2978794,-86.7816016,36.1626638,211.12304253681,"Atlanta--Athens-Clarke County--Sandy Springs, GA-AL","broderick",0,2009,0
"HighSchool",2005,1789,"Joel Caldwell","Hoover","Vanderbilt","CB",73,173,2,0.7222,"Hoover","AL",1073,"Jefferson","DB",-86.8113781,33.4053867,-86.7816016,36.1626638,190.771131109585,"Birmingham-Hoover-Talladega, AL","joel",0,2009,0
"HighSchool",2005,1813,"Bryant Hahnfeldt","Montgomery Bell Academy","Vanderbilt","K",71,180,2,0.7222,"Nashville","TN",47037,"Davidson","ST",-86.7816016,36.1626638,-86.7816016,36.1626638,0,"Nashville-Davidson--Murfreesboro, TN","bryant",0,NA,0
"HighSchool",2005,1903,"Drew Gardner","Hoxie","Vanderbilt","OT",77,305,2,0.7,"Hoxie","AR",5075,"Lawrence","OL",-90.9751205,36.0503484,-86.7816016,36.1626638,234.513806830325,"Rural, AR","drew",0,NA,0
"HighSchool",2006,147,"Jonathan Massey","Gautier","Vanderbilt","TE",74,245,4,0.9284,"Gautier","MS",28059,"Jackson","TE",-88.6116854,30.385755,-86.7816016,36.1626638,413.432616679638,"Gulfport-Biloxi, MS","jonathan",0,NA,0
"HighSchool",2006,648,"Jared Funk","St. Viator","Vanderbilt","DUAL",74,177,3,0.8448,"Arlington Heights","IL",17031,"Cook","QB",-87.9806265,42.0883603,-86.7816016,36.1626638,414.979094883729,"Chicago-Naperville, IL-IN-WI","jared",0,2010,0
"HighSchool",2006,809,"Turner Wimberly","Hun School","Vanderbilt","DUAL",74,195,3,0.8333,"Princeton","NJ",34021,"Mercer","QB",-74.6672226,40.3572976,-86.7816016,36.1626638,718.443405143011,"New York-Newark, NY-NJ-CT-PA","turner",0,2010,0
"HighSchool",2006,881,"Alan Strong","Douglass","Vanderbilt","CB",69,154,3,0.8292,"Atlanta","GA",13121,"Fulton","DB",-84.3879824,33.7489954,-86.7816016,36.1626638,215.175296632212,"Atlanta--Athens-Clarke County--Sandy Springs, GA-AL","alan",0,NA,0
"HighSchool",2006,891,"Adam Smotherman","Smyrna","Vanderbilt","OG",76,262,3,0.8292,"Smyrna","TN",47149,"Rutherford","OL",-86.5186045,35.9828412,-86.7816016,36.1626638,19.2633120293448,"Nashville-Davidson--Murfreesboro, TN","adam",0,2010,0
"HighSchool",2006,910,"D.J. Moore","Broome","Vanderbilt","ATH",70,175,3,0.826,"Spartanburg","SC",45083,"Spartanburg","ATH",-81.9320482,34.9495672,-86.7816016,36.1626638,285.533133337687,"Greenville-Spartanburg-Anderson, SC","dj",1,NA,0
"HighSchool",2006,977,"Teriall Brannon","Broome","Vanderbilt","SDE",76,223,3,0.8149,"Spartanburg","SC",45083,"Spartanburg","DL",-81.9320482,34.9495672,-86.7816016,36.1626638,285.533133337687,"Greenville-Spartanburg-Anderson, SC","teriall",0,2010,0
"HighSchool",2006,996,"Greg Billinger","Parkview","Vanderbilt","SDE",75,250,3,0.8115,"Lilburn","GA",13135,"Gwinnett","DL",-84.1429719,33.8901036,-86.7816016,36.1626638,216.933255435923,"Atlanta--Athens-Clarke County--Sandy Springs, GA-AL","greg",0,NA,0
"HighSchool",2006,1119,"Patrick Benoist","Southlake Carroll","Vanderbilt","OLB",72,206,3,0.8052,"Southlake","TX",48439,"Tarrant","LB",-97.1341783,32.9412363,-86.7816016,36.1626638,630.191521168076,"Dallas-Fort Worth, TX-OK","patrick",1,2009,0
"HighSchool",2006,1137,"Gaston Miller","Riverdale","Vanderbilt","APB",66,153,3,0.8021,"Murfreesboro","TN",47149,"Rutherford","RB",-86.39027,35.8456213,-86.7816016,36.1626638,30.9976060446088,"Nashville-Davidson--Murfreesboro, TN","gaston",0,2009,0
"HighSchool",2006,1152,"Myron Lewis","Pompano Beach","Vanderbilt","WR",74,190,3,0.799,"Pompano Beach","FL",12011,"Broward","WR",-80.1247667,26.2378597,-86.7816016,36.1626638,791.087372688762,"Miami-Port St. Lucie-Fort Lauderdale, FL","myron",1,2009,0
"HighSchool",2006,1156,"Drew Brenk","Needville","Vanderbilt","OG",76,285,3,0.799,"Needville","TX",48157,"Fort Bend","OL",-95.8377297,29.3994101,-86.7816016,36.1626638,703.948391259288,"Houston-The Woodlands, TX","drew",0,NA,0
"HighSchool",2006,1181,"Nathan Campbell","Hazen","Vanderbilt","OLB",75,215,2,0.7927,"Hazen","AR",5117,"Prairie","LB",-91.5809651,34.7809263,-86.7816016,36.1626638,286.778214569378,"Rural, AR","nathan",0,2010,0
"HighSchool",2006,1221,"Justin Green","Charles Henderson Sch","Vanderbilt","TE",79,210,2,0.7889,"Troy","AL",1109,"Pike","TE",-85.969951,31.8087678,-86.7816016,36.1626638,304.799873403902,"Rural, AL","justin",0,2009,0
"HighSchool",2006,1256,"Joey Bailey","Hewitt-Trussville","Vanderbilt","OG",76,240,2,0.7889,"Trussville","AL",1073,"Jefferson","OL",-86.6088756,33.6198251,-86.7816016,36.1626638,176.20034186943,"Birmingham-Hoover-Talladega, AL","joey",0,2010,0
"HighSchool",2006,1311,"Reilly Lauer","St. Ignatius","Vanderbilt","SDE",79,240,2,0.7799,"Cleveland","OH",39035,"Cuyahoga","DL",-81.6943605,41.49932,-86.7816016,36.1626638,459.69291169557,"Cleveland-Akron-Canton, OH","reilly",0,2009,0
"HighSchool",2006,1322,"Matt Quinn","Byrnes","Vanderbilt","WR",77,200,2,0.7767,"Duncan","SC",45083,"Spartanburg","WR",-82.1451096,34.9378962,-86.7816016,36.1626638,274.363289192899,"Greenville-Spartanburg-Anderson, SC","matt",0,NA,0
"HighSchool",2006,1516,"Steven Goulet","Dutch Fork","Vanderbilt","WR",75,185,2,0.7667,"Irmo","SC",45063,"Lexington","WR",-81.1831513,34.0859829,-86.7816016,36.1626638,347.781252474485,"Columbia-Orangeburg-Newberry, SC","steven",0,NA,0
"HighSchool",2006,1541,"Brett Upson","Spalding","Vanderbilt","K",70,170,2,0.7667,"Griffin","GA",13255,"Spalding","ST",-84.2640904,33.2467807,-86.7816016,36.1626638,247.364093460205,"Atlanta--Athens-Clarke County--Sandy Springs, GA-AL","brett",1,2009,0
"HighSchool",2006,1552,"Kennard Reeves","Duluth","Vanderbilt","APB",72,181,2,0.7667,"Duluth","GA",13135,"Gwinnett","RB",-84.1446376,34.0028786,-86.7816016,36.1626638,211.20865462458,"Atlanta--Athens-Clarke County--Sandy Springs, GA-AL","kennard",0,2010,0
"HighSchool",2006,1631,"Marquez Hall","Booker T Washington","Vanderbilt","CB",69,153,2,0.7444,"Tuskegee","AL",1087,"Macon","DB",-85.7077266,32.430237,-86.7816016,36.1626638,265.418165043804,"Rural, AL","marquez",0,NA,0
"HighSchool",2006,1656,"Austin Newton","Union Grove","Vanderbilt","WDE",76,200,2,0.7444,"McDonough","GA",13151,"Henry","DL",-84.1468616,33.4473361,-86.7816016,36.1626638,240.172579486637,"Atlanta--Athens-Clarke County--Sandy Springs, GA-AL","austin",0,2009,0
"HighSchool",2006,1727,"Kikko Logan","Elba Sch","Vanderbilt","ILB",75,202,2,0.7444,"Elba","AL",1031,"Coffee","LB",-86.0677243,31.4146108,-86.7816016,36.1626638,331.047715537821,"Rural, AL","kikko",0,NA,0
"HighSchool",2007,414,"John Stokes","Memphis University School","Vanderbilt","WDE",77,225,3,0.8688,"Memphis","TN",47157,"Shelby","DL",-90.0489801,35.1495343,-86.7816016,36.1626638,196.583227249796,"Memphis-Forrest City, TN-MS-AR","john",0,2010,0
"HighSchool",2007,572,"Larry Smith","Prattville","Vanderbilt","DUAL",74,194,3,0.8542,"Prattville","AL",1001,"Autauga","QB",-86.4596966,32.4640245,-86.7816016,36.1626638,256.552043138735,"Montgomery-Selma-Alexander City, AL","larry",0,2011,0
"HighSchool",2007,701,"Kyle Fischer","Spring Valley","Vanderbilt","OT",77,288,3,0.8448,"Columbia","SC",45079,"Richland","OL",-81.0348144,34.0007104,-86.7816016,36.1626638,358.014964895846,"Columbia-Orangeburg-Newberry, SC","kyle",0,2011,0
"HighSchool",2007,742,"Ryan Van Rensburg","The Bolles School","Vanderbilt","FB",73,225,3,0.841,"Jacksonville","FL",12031,"Duval","RB",-81.655651,30.3321838,-86.7816016,36.1626638,500.493422215905,"Jacksonville-St. Marys-Palatka, FL-GA","ryan",0,2010,0
"HighSchool",2007,765,"Jamie Graham","Whites Creek Comprehensive","Vanderbilt","ATH",71,175,3,0.8385,"Whites Creek","TN",47037,"Davidson","ATH",-86.8308401,36.2663581,-86.7816016,36.1626638,7.68260612363762,"Nashville-Davidson--Murfreesboro, TN","jamie",0,2010,0
"HighSchool",2007,846,"Udom Umoh","Peach County","Vanderbilt","WR",71,168,3,0.8333,"Fort Valley","GA",13225,"Peach","WR",-83.8874084,32.5537585,-86.7816016,36.1626638,299.403818411404,"Macon-Bibb County--Warner Robins, GA","udom",0,2011,0
"HighSchool",2007,990,"Chris Marve","White Station","Vanderbilt","ILB",72,240,3,0.8288,"Memphis","TN",47157,"Shelby","LB",-90.0489801,35.1495343,-86.7816016,36.1626638,196.583227249796,"Memphis-Forrest City, TN-MS-AR","chris",1,2011,0
"HighSchool",2007,1217,"Austin Monahan","Phillips Academy","Vanderbilt","TE",79,232,3,0.8111,"Andover","MA",25009,"Essex","TE",-71.1367953,42.6583356,-86.7816016,36.1626638,947.258100377588,"Boston-Worcester-Providence, MA-RI-NH-CT","austin",0,2012,0
"HighSchool",2007,1245,"Rob Ashabranner","Cathedral","Vanderbilt","DT",74,256,3,0.8101,"El Paso","TX",48141,"El Paso","DL",-106.4850217,31.7618778,-86.7816016,36.1626638,1168.58905791847,"El Paso-Las Cruces, TX-NM","rob",0,2009,0
"HighSchool",2007,1286,"Jermaine Doster","Robinson","Vanderbilt","ATH",70,205,3,0.8038,"Tampa","FL",12057,"Hillsborough","ATH",-82.4571776,27.950575,-86.7816016,36.1626638,621.973960555706,"Tampa-St. Petersburg-Clearwater, FL","jermaine",0,2009,0
"HighSchool",2007,1342,"James Williams","Smyrna","Vanderbilt","OT",78,301,2,0.7927,"Smyrna","TN",47149,"Rutherford","OL",-86.5186045,35.9828412,-86.7816016,36.1626638,19.2633120293448,"Nashville-Davidson--Murfreesboro, TN","james",0,2009,0
"HighSchool",2007,1485,"T.J. Greenstone","Collins Hill","Vanderbilt","DT",74,242,2,0.7816,"Suwanee","GA",13135,"Gwinnett","DL",-84.0712997,34.0514898,-86.7816016,36.1626638,211.797249427999,"Atlanta--Athens-Clarke County--Sandy Springs, GA-AL","tj",0,2011,0
"HighSchool",2007,1623,"Tim Fugger","Montini Catholic","Vanderbilt","TE",76,220,2,0.7667,"Lombard","IL",17043,"DuPage","TE",-88.0078435,41.8800296,-86.7816016,36.1626638,400.999267154962,"Chicago-Naperville, IL-IN-WI","tim",1,2011,0
"HighSchool",2007,2046,"Theron Kadri","Brighton","Vanderbilt","SDE",75,245,2,0.7222,"Brighton","TN",47167,"Tipton","DL",-89.7392207,35.4836605,-86.7816016,36.1626638,172.428935076594,"Memphis-Forrest City, TN-MS-AR","theron",0,2010,0
"HighSchool",2008,550,"DeAndre Jones","Memphis University School","Vanderbilt","OLB",72,223,3,0.8653,"Memphis","TN",47157,"Shelby","LB",-90.0489801,35.1495343,-86.7816016,36.1626638,196.583227249796,"Memphis-Forrest City, TN-MS-AR","deandre",0,2011,0
"HighSchool",2008,808,"Taylor Loftley","Chamblee Charter","Vanderbilt","SDE",74,247,3,0.8448,"Atlanta","GA",13121,"Fulton","DL",-84.3879824,33.7489954,-86.7816016,36.1626638,215.175296632212,"Atlanta--Athens-Clarke County--Sandy Springs, GA-AL","taylor",0,2011,0
"HighSchool",2008,847,"John Cole","Somerset","Vanderbilt","WR",72,171,3,0.8417,"Somerset","KY",21199,"Pulaski","WR",-84.6041084,37.0920222,-86.7816016,36.1626638,136.931201804308,"Rural, KY","john",0,2012,0
"HighSchool",2008,939,"Al Owens","Springtown","Vanderbilt","S",73,181,3,0.8337,"Springtown","TX",48367,"Parker","DB",-97.6836384,32.9659566,-86.7816016,36.1626638,658.85974104443,"Dallas-Fort Worth, TX-OK","al",0,2011,0
"HighSchool",2008,962,"Casey Hayward","Perry","Vanderbilt","ATH",73,185,3,0.8333,"Perry","GA",13153,"Houston","ATH",-83.7315723,32.4582065,-86.7816016,36.1626638,309.902864781426,"Macon-Bibb County--Warner Robins, GA","casey",1,2011,0
"HighSchool",2008,1131,"Michael Bryant","LaVergne","Vanderbilt","OT",78,285,3,0.8194,"LaVergne","TN",47149,"Rutherford","OL",-86.5819394,36.0156178,-86.7816016,36.1626638,15.1032848789382,"Nashville-Davidson--Murfreesboro, TN","michael",0,NA,0
"HighSchool",2008,1137,"Richard Cagle","St. Pius X","Vanderbilt","OT",77,250,3,0.8194,"Houston","TX",48201,"Harris","OL",-95.3698028,29.7604267,-86.7816016,36.1626638,666.343824535218,"Houston-The Woodlands, TX","richard",0,2009,0
"HighSchool",2008,1196,"Colt Nichter","Park City","Vanderbilt","DT",74,275,3,0.8115,"Park City","UT",49043,"Summit","DL",-111.4979729,40.6460622,-86.7816016,36.1626638,1370.56544292931,"Salt Lake City-Provo-Orem, UT","colt",0,2012,0
"HighSchool",2008,1204,"Josh Jelesky","Naperville Central","Vanderbilt","SDE",78,219,3,0.8111,"Naperville","IL",17043,"DuPage","DL",-88.1535352,41.7508391,-86.7816016,36.1626638,393.586921532147,"Chicago-Naperville, IL-IN-WI","josh",0,2012,0
"HighSchool",2008,1245,"Ryan Fowler","Eastside Hi","Vanderbilt","K",71,155,3,0.8111,"Taylors","SC",45045,"Greenville","ST",-82.2962268,34.9203946,-86.7816016,36.1626638,266.701855222714,"Greenville-Spartanburg-Anderson, SC","ryan",0,2012,0
"HighSchool",2008,1254,"Rob Lohr","Phoenixville Area","Vanderbilt","ATH",77,240,3,0.8111,"Phoenixville","PA",42029,"Chester","ATH",-75.5149128,40.1303822,-86.7816016,36.1626638,671.010832871423,"Philadelphia-Reading-Camden, PA-NJ-DE-MD","rob",0,2012,0
"HighSchool",2008,1336,"John Burrow","Mortimer Jordan","Vanderbilt","WDE",77,210,3,0.8009,"Morris","AL",1073,"Jefferson","DL",-86.8086048,33.7481576,-86.7816016,36.1626638,167.055865555432,"Birmingham-Hoover-Talladega, AL","john",0,2009,0
"HighSchool",2008,1436,"Akeem Dunham","Eustis","Vanderbilt","WR",76,190,2,0.7889,"Eustis","FL",12069,"Lake","WR",-81.6853534,28.8527675,-86.7816016,36.1626638,586.431212701572,"Orlando-Lakeland-Deltona, FL","akeem",0,2011,0
"HighSchool",2008,1762,"Dexter Daniels","Brantley","Vanderbilt","OLB",74,215,2,0.7667,"Brantley","AL",1041,"Crenshaw","LB",-86.2571786,31.5823832,-86.7816016,36.1626638,318.315930345606,"Rural, AL","dexter",0,2011,0
"HighSchool",2008,1815,"Archie Barnes","Berkeley Prep","Vanderbilt","ATH",76,200,2,0.7556,"Tampa","FL",12057,"Hillsborough","ATH",-82.4571776,27.950575,-86.7816016,36.1626638,621.973960555706,"Tampa-St. Petersburg-Clearwater, FL","archie",0,2012,0
"HighSchool",2009,479,"Wesley Johnson","Montgomery Bell Academy","Vanderbilt","OT",77,248,3,0.8764,"Nashville","TN",47037,"Davidson","OL",-86.7816016,36.1626638,-86.7816016,36.1626638,0,"Nashville-Davidson--Murfreesboro, TN","wesley",1,2013,0
"HighSchool",2009,597,"Brady Brown","Argyle","Vanderbilt","WR",77,195,3,0.867,"Argyle","TX",48121,"Denton","WR",-97.1833475,33.1212321,-86.7816016,36.1626638,627.944055631752,"Dallas-Fort Worth, TX-OK","brady",0,2011,0
"HighSchool",2009,623,"Eric Samuels","Umatilla","Vanderbilt","ATH",72,187,3,0.8653,"Umatilla","FL",12069,"Lake","ATH",-81.6656305,28.9294316,-86.7816016,36.1626638,582.389463315009,"Orlando-Lakeland-Deltona, FL","eric",0,2012,0
"HighSchool",2009,684,"Mason Johnston","The Bolles School","Vanderbilt","TE",76,235,3,0.8622,"Jacksonville","FL",12031,"Duval","TE",-81.655651,30.3321838,-86.7816016,36.1626638,500.493422215905,"Jacksonville-St. Marys-Palatka, FL-GA","mason",0,2011,0
"HighSchool",2009,746,"Zac Stacy","Bibb Co Sch","Vanderbilt","RB",69,189,3,0.859,"Centreville","AL",1007,"Bibb","RB",-87.1386067,32.9445682,-86.7816016,36.1626638,223.572389587756,"Birmingham-Hoover-Talladega, AL","zac",1,2012,0
"HighSchool",2009,814,"Trey Wilson","Evangel Christian Academy","Vanderbilt","CB",71,178,3,0.8559,"Shreveport","LA",22017,"Caddo","DB",-93.7501789,32.5251516,-86.7816016,36.1626638,470.751731789186,"Shreveport-Bossier City-Minden, LA","trey",0,2012,0
"HighSchool",2009,894,"Warren Norman","Chamblee Charter","Vanderbilt","RB",70,188,3,0.8528,"Atlanta","GA",13121,"Fulton","RB",-84.3879824,33.7489954,-86.7816016,36.1626638,215.175296632212,"Atlanta--Athens-Clarke County--Sandy Springs, GA-AL","warren",1,2012,0
"HighSchool",2009,966,"Collin Ashley","Flower Mound","Vanderbilt","ATH",72,170,3,0.8497,"Flower Mound","TX",48121,"Denton","ATH",-97.0969552,33.0145673,-86.7816016,36.1626638,626.193668217489,"Dallas-Fort Worth, TX-OK","collin",0,2009,0
"HighSchool",2009,995,"Blake Southerland","Greater Atlanta Christian School","Vanderbilt","ILB",74,230,3,0.8479,"Norcross","GA",13135,"Gwinnett","LB",-84.2135309,33.9412127,-86.7816016,36.1626638,211.586818687058,"Atlanta--Athens-Clarke County--Sandy Springs, GA-AL","blake",0,2010,0
"HighSchool",2009,1072,"Thad McHaney","Brentwood Academy","Vanderbilt","TE",76,240,3,0.8417,"Brentwood","TN",47187,"Williamson","TE",-86.7827772,36.0331164,-86.7816016,36.1626638,8.96304429465517,"Nashville-Davidson--Murfreesboro, TN","thad",0,2011,0
"HighSchool",2009,1103,"Eddie Foster","Colleyville Heritage","Vanderbilt","CB",70,165,3,0.8417,"Colleyville","TX",48439,"Tarrant","DB",-97.155012,32.8809603,-86.7816016,36.1626638,632.978137156522,"Dallas-Fort Worth, TX-OK","eddie",0,2012,0
"HighSchool",2009,1114,"Jay Fullam","McCallie School","Vanderbilt","S",73,191,3,0.8399,"Chattanooga","TN",47065,"Hamilton","DB",-85.3096801,35.0456297,-86.7816016,36.1626638,113.25848526502,"Chattanooga-Cleveland-Dalton, TN-GA","jay",0,2010,0
"HighSchool",2009,1195,"Wesley Tate","Pope John Paul II","Vanderbilt","RB",74,210,3,0.8354,"Hendersonville","TN",47165,"Sumner","RB",-86.6199957,36.3047735,-86.7816016,36.1626638,13.34171136845,"Nashville-Davidson--Murfreesboro, TN","wesley",0,2013,0
"HighSchool",2009,1317,"Mylon Brown","Pasco","Vanderbilt","OT",77,295,3,0.8288,"Dade City","FL",12101,"Pasco","OL",-82.1959178,28.3647248,-86.7816016,36.1626638,602.314481704789,"Tampa-St. Petersburg-Clearwater, FL","mylon",0,2011,0
"HighSchool",2009,1482,"Walker May","Briarwood Christian","Vanderbilt","WDE",77,210,3,0.8115,"Birmingham","AL",1073,"Jefferson","DL",-86.8103567,33.5185892,-86.7816016,36.1626638,182.938942049469,"Birmingham-Hoover-Talladega, AL","walker",0,2013,0
"HighSchool",2009,1560,"Charlie Goro","Maine South","Vanderbilt","DUAL",74,183,3,0.8104,"Park Ridge","IL",17031,"Cook","QB",-87.8406192,42.0111412,-86.7816016,36.1626638,408.596627612543,"Chicago-Naperville, IL-IN-WI","charlie",0,2010,0
"HighSchool",2009,1593,"Javon Marshall","Wayne","Vanderbilt","S",71,180,3,0.8083,"Dayton","OH",39113,"Montgomery","DB",-84.1916069,39.7589478,-86.7816016,36.1626638,286.088771704727,"Dayton-Springfield-Kettering, OH","javon",0,2013,0
"HighSchool",2009,1656,"Justin Cabbagestalk","Armwood","Vanderbilt","OG",76,270,3,0.799,"Seffner","FL",12057,"Hillsborough","OL",-82.2756468,27.9836329,-86.7816016,36.1626638,624.278818736991,"Tampa-St. Petersburg-Clearwater, FL","justin",0,2010,0
"HighSchool",2010,345,"Rajaan Bennett","McEachern","Vanderbilt","RB",71,210,4,0.8901,"Powder Springs","GA",13067,"Cobb","RB",-84.683824,33.8595491,-86.7816016,36.1626638,198.784545997017,"Atlanta--Athens-Clarke County--Sandy Springs, GA-AL","rajaan",0,NA,0
"HighSchool",2010,466,"Kenneth Ladler","Stephenson","Vanderbilt","S",74,190,3,0.8764,"Stone Mountain","GA",13089,"DeKalb","DB",-84.170196,33.8081608,-86.7816016,36.1626638,220.085814056052,"Atlanta--Athens-Clarke County--Sandy Springs, GA-AL","kenneth",1,2013,0
"HighSchool",2010,530,"Kyle Woestmann","Walton","Vanderbilt","DT",75,265,3,0.8733,"Marietta","GA",13067,"Cobb","DL",-84.5499327,33.952602,-86.7816016,36.1626638,198.362986495935,"Atlanta--Athens-Clarke County--Sandy Springs, GA-AL","kyle",0,2014,0
"HighSchool",2010,534,"Andre Simmons","South County","Vanderbilt","S",73,193,3,0.8733,"Lorton","VA",51059,"Fairfax","DB",-77.2277603,38.704282,-86.7816016,36.1626638,553.210317303026,"Washington-Baltimore-Arlington, DC-MD-VA-WV-PA","andre",0,2011,1
"HighSchool",2010,539,"Vince Taylor","Oak Grove","Vanderbilt","DT",73,270,3,0.8733,"Hattiesburg","MS",28035,"Forrest","DL",-89.2903392,31.3271189,-86.7816016,36.1626638,364.312127682103,"Hattiesburg-Laurel, MS","vince",0,2014,0
"HighSchool",2010,763,"Jared Morse","Oxford","Vanderbilt","DT",75,260,3,0.8622,"Oxford","AL",1015,"Calhoun","DL",-85.8349648,33.6142714,-86.7816016,36.1626638,184.311548835505,"Anniston-Oxford, AL","jared",0,2013,0
"HighSchool",2010,843,"James Kittredge","Don Bosco Prep","Vanderbilt","SDE",76,250,3,0.859,"Ramsey","NJ",34003,"Bergen","DL",-74.1409771,41.0573188,-86.7816016,36.1626638,761.656301694355,"New York-Newark, NY-NJ-CT-PA","james",0,2010,1
"HighSchool",2010,869,"Karl Butler","Brother Martin","Vanderbilt","CB",74,185,3,0.8559,"New Orleans","LA",22071,"Orleans","DB",-90.0715323,29.9510658,-86.7816016,36.1626638,470.103203314899,"New Orleans-Metairie-Hammond, LA-MS","karl",0,2013,0
"HighSchool",2010,882,"Andre Hal","Port Allen","Vanderbilt","CB",72,170,3,0.8559,"Port Allen","LA",22121,"West Baton Rouge","DB",-91.2073261,30.4474878,-86.7816016,36.1626638,470.850682805807,"Baton Rouge, LA","andre",1,2013,0
"HighSchool",2010,996,"Thomas Ryan","Marathon","Vanderbilt","SDE",76,240,3,0.8528,"Marathon","FL",12087,"Monroe","DL",-81.0446262,24.726026,-86.7816016,36.1626638,861.598037301482,"Miami-Port St. Lucie-Fort Lauderdale, FL","thomas",0,2011,1
"HighSchool",2010,1072,"Grant Ramsay","Pope","Vanderbilt","OG",77,280,3,0.851,"Marietta","GA",13067,"Cobb","OL",-84.5499327,33.952602,-86.7816016,36.1626638,198.362986495935,"Atlanta--Athens-Clarke County--Sandy Springs, GA-AL","grant",0,2012,0
"HighSchool",2010,1113,"Blake Gowder","Union County","Vanderbilt","ATH",74,215,3,0.8479,"Blairsville","GA",13291,"Union","ATH",-83.9582412,34.8761989,-86.7816016,36.1626638,182.193279339581,"Rural, GA","blake",0,2013,0
"HighSchool",2010,1132,"Jonathan Krause","South Gwinnett","Vanderbilt","WR",71,168,3,0.8479,"Snellville","GA",13135,"Gwinnett","WR",-84.0199108,33.857328,-86.7816016,36.1626638,223.427874987135,"Atlanta--Athens-Clarke County--Sandy Springs, GA-AL","jonathan",1,2013,0
"HighSchool",2010,1197,"Logan Stewart","Boiling Springs Hi","Vanderbilt","OG",75,253,3,0.8448,"Boiling Springs","SC",45083,"Spartanburg","OL",-81.9817726,35.046508,-86.7816016,36.1626638,280.787775788936,"Greenville-Spartanburg-Anderson, SC","logan",0,2011,1
"HighSchool",2010,1224,"Andrew Bridges","Westminster Christian School","Vanderbilt","WDE",78,245,3,0.8448,"Gainesville","GA",13139,"Hall","DL",-83.8240663,34.2978794,-86.7816016,36.1626638,211.12304253681,"Atlanta--Athens-Clarke County--Sandy Springs, GA-AL","andrew",0,2014,1
"HighSchool",2010,1276,"Jordan Matthews","Madison Co Sch","Vanderbilt","WR",75,193,3,0.8417,"Madison","AL",1089,"Madison","WR",-86.7483318,34.6992579,-86.7816016,36.1626638,101.263855936134,"Huntsville-Decatur, AL","jordan",1,2013,0
"HighSchool",2010,1289,"Chris Boyd","Roswell","Vanderbilt","WR",76,195,3,0.8417,"Roswell","GA",13121,"Fulton","WR",-84.3615555,34.0232431,-86.7816016,36.1626638,201.669745385577,"Atlanta--Athens-Clarke County--Sandy Springs, GA-AL","chris",1,2012,0
"HighSchool",2010,1519,"Carey Spear","Mayfield","Vanderbilt","K",71,175,3,0.8319,"Cleveland","OH",39035,"Cuyahoga","ST",-81.6943605,41.49932,-86.7816016,36.1626638,459.69291169557,"Cleveland-Akron-Canton, OH","carey",1,2013,0
"HighSchool",2010,1755,"Steven Clarke","Boyd Anderson","Vanderbilt","CB",69,180,3,0.8111,"Fort Lauderdale","FL",12011,"Broward","DB",-80.1373174,26.1224386,-86.7816016,36.1626638,797.771149839718,"Miami-Port St. Lucie-Fort Lauderdale, FL","steven",0,2013,0
"HighSchool",2010,1783,"Chase Garnham","Fairhope","Vanderbilt","OLB",74,210,3,0.8111,"Fairhope","AL",1003,"Baldwin","LB",-87.9033261,30.5229719,-86.7816016,36.1626638,395.524654741794,"Mobile-Daphne-Fairhope, AL","chase",0,2013,0
"HighSchool",2010,1861,"Fitz Lassing","Montgomery Bell Academy","Vanderbilt","OLB",75,225,3,0.8111,"Nashville","TN",47037,"Davidson","LB",-86.7816016,36.1626638,-86.7816016,36.1626638,0,"Nashville-Davidson--Murfreesboro, TN","fitz",0,2013,0
"HighSchool",2010,1905,"Chase White","Plano West","Vanderbilt","OG",77,260,3,0.8069,"Plano","TX",48085,"Collin","OL",-96.6988856,33.0198431,-86.7816016,36.1626638,604.873504736951,"Dallas-Fort Worth, TX-OK","chase",0,2013,0
"HighSchool",2010,1923,"Trent Pruitt","Fitzgerald","Vanderbilt","WR",70,175,3,0.8051,"Fitzgerald","GA",13017,"Ben Hill","WR",-83.2526545,31.7149082,-86.7816016,36.1626638,368.331931175694,"Rural, GA","trent",0,2013,0
"HighSchool",2010,2382,"Andrew East","North Central","Vanderbilt","ILB",76,220,2,0.7531,"Indianapolis","IN",18097,"Marion","LB",-86.158068,39.768403,-86.7816016,36.1626638,251.770461764575,"Indianapolis-Carmel-Muncie, IN","andrew",1,2014,0
"HighSchool",2011,225,"Dillon Van der wal","Oaks Christian","Vanderbilt","TE",79,240,4,0.9036,"Thousand Oaks","CA",6111,"Ventura","TE",-118.8375937,34.1705609,-86.7816016,36.1626638,1810.04249906008,"Los Angeles-Long Beach, CA","dillon",0,2014,1
"HighSchool",2011,363,"Lafonte Thourogood","Ocean Lakes","Vanderbilt","DUAL",75,223,3,0.8757,"Virginia Beach","VA",51810,"Virginia Beach","QB",-75.977985,36.8529263,-86.7816016,36.1626638,602.356125793385,"Virginia Beach-Norfolk, VA-NC","lafonte",0,2011,1
"HighSchool",2011,648,"Barron Dixon","Chattahoochee","Vanderbilt","SDE",76,295,3,0.8544,"Alpharetta","GA",13121,"Fulton","DL",-84.2940899,34.0753762,-86.7816016,36.1626638,201.653495412966,"Atlanta--Athens-Clarke County--Sandy Springs, GA-AL","barron",0,2014,1
"HighSchool",2011,672,"Jacquese Kirk","Walker","Vanderbilt","CB",71,160,3,0.8528,"Jasper","AL",1127,"Walker","DB",-87.2775053,33.8312185,-86.7816016,36.1626638,163.731694632623,"Birmingham-Hoover-Talladega, AL","jacquese",0,2012,1
"HighSchool",2011,678,"Darien Bryant","Pickerington North","Vanderbilt","TE",76,215,3,0.8522,"Pickerington","OH",39045,"Fairfield","TE",-82.7535049,39.8842304,-86.7816016,36.1626638,338.284228504681,"Columbus-Marion-Zanesville, OH","darien",0,2013,0
"HighSchool",2011,771,"Derek King","Brentwood Academy","Vanderbilt","CB",70,185,3,0.8472,"Brentwood","TN",47187,"Williamson","DB",-86.7827772,36.0331164,-86.7816016,36.1626638,8.96304429465517,"Nashville-Davidson--Murfreesboro, TN","derek",0,2014,0
"HighSchool",2011,971,"Jake Bernstein","Crystal Lake South","Vanderbilt","OG",75,275,3,0.8363,"Crystal Lake","IL",17111,"McHenry","OL",-88.3161965,42.2411344,-86.7816016,36.1626638,428.492289205243,"Chicago-Naperville, IL-IN-WI","jake",0,2015,0
"HighSchool",2011,1054,"James Lewis","Arlington","Vanderbilt","OT",77,285,3,0.8328,"Arlington","TN",47157,"Shelby","OL",-89.661469,35.2961973,-86.7816016,36.1626638,172.486463429972,"Memphis-Forrest City, TN-MS-AR","james",0,2012,1
"HighSchool",2011,1128,"Mitchell Hester","Duncan U. Fletcher","Vanderbilt","APB",68,175,3,0.8266,"Neptune Beach","FL",12031,"Duval","RB",-81.3964734,30.311908,-86.7816016,36.1626638,510.633959194763,"Jacksonville-St. Marys-Palatka, FL-GA","mitchell",0,2011,1
"HighSchool",2011,1143,"Larry Franklin","Vero Beach","Vanderbilt","S",73,190,3,0.8258,"Vero Beach","FL",12061,"Indian River","DB",-80.3972736,27.6386434,-86.7816016,36.1626638,698.432194792076,"Miami-Port St. Lucie-Fort Lauderdale, FL","larry",0,2013,0
"HighSchool",2011,1157,"Jahmel McIntosh","Cleveland","Vanderbilt","S",73,200,3,0.8252,"Cleveland","MS",28011,"Bolivar","DB",-90.7248187,33.7440023,-86.7816016,36.1626638,279.240061651706,"Rural, MS","jahmel",0,2015,0
"HighSchool",2011,1199,"Conor Hart","Brother Rice","Vanderbilt","SDE",76,250,3,0.821,"Bloomfield Hills","MI",26125,"Oakland","DL",-83.2454883,42.583645,-86.7816016,36.1626638,482.697587695009,"Detroit-Warren-Ann Arbor, MI","conor",0,2012,1
"HighSchool",2011,1246,"Josh Grady","Armwood","Vanderbilt","DUAL",73,190,3,0.8166,"Seffner","FL",12057,"Hillsborough","QB",-82.2756468,27.9836329,-86.7816016,36.1626638,624.278818736991,"Tampa-St. Petersburg-Clearwater, FL","josh",0,2014,1
"HighSchool",2011,1276,"Steven Scheu","Reitz Memorial","Vanderbilt","TE",78,235,3,0.8155,"Evansville","IN",18163,"Vanderburgh","TE",-87.5710898,37.9715592,-86.7816016,36.1626638,132.519715357602,"Evansville, IN-KY","steven",1,2015,0
"HighSchool",2011,1423,"Jerron Seymour","Hialeah","Vanderbilt","RB",66,180,3,0.804,"Hialeah","FL",12086,"Miami-Dade","RB",-80.2781057,25.8575963,-86.7816016,36.1626638,810.032284169153,"Miami-Port St. Lucie-Fort Lauderdale, FL","jerron",0,2014,1
"HighSchool",2011,1572,"Jimmy Stewart","Island Coast","Vanderbilt","OLB",76,225,2,0.7883,"Cape Coral","FL",12071,"Lee","LB",-81.9495331,26.5628537,-86.7816016,36.1626638,722.627948294131,"Cape Coral-Fort Myers-Naples, FL","jimmy",0,2014,1
"HighSchool",2011,1636,"Andrew Williamson","Stevens","Vanderbilt","S",74,190,2,0.7825,"San Antonio","TX",48029,"Bexar","DB",-98.4936282,29.4241219,-86.7816016,36.1626638,824.413712946081,"San Antonio-New Braunfels-Pearsall, TX","andrew",0,2015,0
"HighSchool",2011,1760,"Jose Valedon","Oak Ridge","Vanderbilt","OG",76,275,2,0.7682,"Oak Ridge","TN",47001,"Anderson","OL",-84.2696449,36.0103561,-86.7816016,36.1626638,140.836240997237,"Knoxville-Morristown-Sevierville, TN","jose",0,2011,1
"HighSchool",2011,2051,"Kris Kentera","Pine Creek","Vanderbilt","DUAL",76,195,2,0.7593,"Colorado Springs","CO",8041,"El Paso","QB",-104.8213634,38.8338816,-86.7816016,36.1626638,1005.55518033741,"Colorado Springs, CO","kris",0,2015,1
"HighSchool",2011,2111,"Joe Townsend","Hendersonville","Vanderbilt","DT",76,280,2,0.7519,"Hendersonville","TN",47165,"Sumner","DL",-86.6199957,36.3047735,-86.7816016,36.1626638,13.34171136845,"Nashville-Davidson--Murfreesboro, TN","joe",0,2014,0
"HighSchool",2012,230,"Brian Kimbrow","East","Vanderbilt","APB",69,165,4,0.9171,"Memphis","TN",47157,"Shelby","RB",-90.0489801,35.1495343,-86.7816016,36.1626638,196.583227249796,"Memphis-Forrest City, TN-MS-AR","brian",0,2014,1
"HighSchool",2012,394,"Andrew Jelks","Henry County","Vanderbilt","OT",78,265,3,0.8849,"Paris","TN",47079,"Henry","OL",-88.3267107,36.3020023,-86.7816016,36.1626638,86.7639909279941,"Rural, TN","andrew",1,2016,0
"HighSchool",2012,517,"Caleb Azubike","McGavock","Vanderbilt","WDE",76,230,3,0.8778,"Nashville","TN",47037,"Davidson","DL",-86.7816016,36.1626638,-86.7816016,36.1626638,0,"Nashville-Davidson--Murfreesboro, TN","caleb",0,2015,0
"HighSchool",2012,534,"Jacob Sealand","Tucker","Vanderbilt","ILB",74,210,3,0.8766,"Tucker","GA",13089,"DeKalb","LB",-84.2171424,33.8545479,-86.7816016,36.1626638,215.894479661869,"Atlanta--Athens-Clarke County--Sandy Springs, GA-AL","jacob",0,2014,1
"HighSchool",2012,563,"Patton Robinette","Maryville","Vanderbilt","DUAL",77,200,3,0.8746,"Maryville","TN",47009,"Blount","QB",-83.9704593,35.7564719,-86.7816016,36.1626638,159.909070407349,"Knoxville-Morristown-Sevierville, TN","patton",0,2014,1
"HighSchool",2012,598,"Adam Butler","Duncanville","Vanderbilt","OG",76,279,3,0.8717,"Duncanville","TX",48113,"Dallas","OL",-96.9083366,32.6518004,-86.7816016,36.1626638,626.582350378909,"Dallas-Fort Worth, TX-OK","adam",1,2016,0
"HighSchool",2012,705,"Brandon Banks","Gwynn Park","Vanderbilt","CB",71,170,3,0.8642,"Brandywine","MD",24033,"Prince George's","DB",-76.8477485,38.6967833,-86.7816016,36.1626638,572.879536488508,"Washington-Baltimore-Arlington, DC-MD-VA-WV-PA","brandon",0,2012,1
"HighSchool",2012,707,"Cory Batey","Ensworth","Vanderbilt","WR",73,185,3,0.8639,"Nashville","TN",47037,"Davidson","WR",-86.7816016,36.1626638,-86.7816016,36.1626638,0,"Nashville-Davidson--Murfreesboro, TN","cory",0,2012,1
"HighSchool",2012,725,"Barrett Gouger","Baylor School","Vanderbilt","OG",76.5,275,3,0.8621,"Chattanooga","TN",47065,"Hamilton","OL",-85.3096801,35.0456297,-86.7816016,36.1626638,113.25848526502,"Chattanooga-Cleveland-Dalton, TN-GA","barrett",0,2016,0
"HighSchool",2012,770,"Darreon Herring","Stephenson","Vanderbilt","OLB",75,205,3,0.858,"Stone Mountain","GA",13089,"DeKalb","LB",-84.170196,33.8081608,-86.7816016,36.1626638,220.085814056052,"Atlanta--Athens-Clarke County--Sandy Springs, GA-AL","darreon",0,2015,0
"HighSchool",2012,815,"Stephen Weatherly","North Atlanta","Vanderbilt","WDE",77,215,3,0.8535,"Atlanta","GA",13121,"Fulton","DL",-84.3879824,33.7489954,-86.7816016,36.1626638,215.175296632212,"Atlanta--Athens-Clarke County--Sandy Springs, GA-AL","stephen",1,2015,0
"HighSchool",2012,923,"Will Holden","Clay","Vanderbilt","OT",78,271,3,0.8464,"Green Cove Springs","FL",12019,"Clay","OL",-81.6781467,29.9919085,-86.7816016,36.1626638,519.221978479745,"Jacksonville-St. Marys-Palatka, FL-GA","will",1,2016,0
"HighSchool",2012,926,"Torren McGaster","Daphne","Vanderbilt","CB",72,180,3,0.8462,"Daphne","AL",1003,"Baldwin","DB",-87.9036047,30.6035255,-86.7816016,36.1626638,390.025778842283,"Mobile-Daphne-Fairhope, AL","torren",0,2016,0
"HighSchool",2012,936,"Kevin McCoy","Armwood","Vanderbilt","OT",77,278,3,0.8455,"Seffner","FL",12057,"Hillsborough","OL",-82.2756468,27.9836329,-86.7816016,36.1626638,624.278818736991,"Tampa-St. Petersburg-Clearwater, FL","kevin",0,2015,0
"HighSchool",2012,956,"Paris Head","Buford","Vanderbilt","CB",71,177,3,0.8443,"Buford","GA",13135,"Gwinnett","DB",-84.0043513,34.1206564,-86.7816016,36.1626638,211.27931083696,"Atlanta--Athens-Clarke County--Sandy Springs, GA-AL","paris",0,2014,1
"HighSchool",2012,1115,"Blake Fromang","Lake Highland Prep","Vanderbilt","OT",79,290,3,0.8358,"Orlando","FL",12095,"Orange","OL",-81.3792365,28.5383355,-86.7816016,36.1626638,614.494497702235,"Orlando-Lakeland-Deltona, FL","blake",0,2015,0
"HighSchool",2012,1139,"Torey Agee","Opelika","Vanderbilt","SDE",76,245,3,0.8337,"Opelika","AL",1081,"Lee","DL",-85.3782795,32.6454116,-86.7816016,36.1626638,256.179215047813,"Columbus-Auburn-Opelika, GA-AL","torey",0,2016,1
"HighSchool",2012,1211,"Harding Harper","Carver","Vanderbilt","OLB",74,210,3,0.8302,"Montgomery","AL",1101,"Montgomery","LB",-86.3077368,32.3792233,-86.7816016,36.1626638,263.156396261438,"Montgomery-Selma-Alexander City, AL","harding",0,2015,0
"HighSchool",2012,1213,"Jakarri Thomas","Amos P. Godby","Vanderbilt","OLB",74,200,3,0.8302,"Tallahassee","FL",12073,"Leon","LB",-84.2807329,30.4382559,-86.7816016,36.1626638,421.574127982265,"Tallahassee, FL","jakarri",0,2016,1
"HighSchool",2012,1574,"Ladarius Banks","East Paulding","Vanderbilt","DT",74,260,3,0.8089,"Dallas","GA",13223,"Paulding","DL",-84.8413056,33.9244531,-86.7816016,36.1626638,189.87871852627,"Atlanta--Athens-Clarke County--Sandy Springs, GA-AL","ladarius",0,2015,1
"HighSchool",2012,1799,"Colby Cooke","Goochland","Vanderbilt","P",76,180,2,0.7957,"Goochland","VA",51075,"Goochland","ST",-77.885374,37.6841421,-86.7816016,36.1626638,502.967887014314,"Richmond, VA","colby",0,2015,0
"HighSchool",2012,2237,"Tip McKenzie","Trinity Episcopal Day School","Vanderbilt","APB",68,175,2,0.7667,"Natchez","MS",28001,"Adams","RB",-91.403171,31.5604442,-86.7816016,36.1626638,414.462069985101,"Rural, MS","tip",0,2012,1
"HighSchool",2013,260,"Zach Cunningham","Pinson Valley","Vanderbilt","OLB",76,196,4,0.9049,"Pinson","AL",1073,"Jefferson","LB",-86.6833228,33.6889908,-86.7816016,36.1626638,171.233075608623,"Birmingham-Hoover-Talladega, AL","zach",1,2016,0
"HighSchool",2013,274,"Jay Woods","Jackson","Vanderbilt","DT",75,275,4,0.9025,"Jackson","GA",13035,"Butts","DL",-83.9660209,33.2945651,-86.7816016,36.1626638,254.933005638726,"Atlanta--Athens-Clarke County--Sandy Springs, GA-AL","jay",0,2017,1
"HighSchool",2013,292,"Jordan Cunningham","University School","Vanderbilt","WR",74,190,4,0.8987,"Fort Lauderdale","FL",12011,"Broward","WR",-80.1373174,26.1224386,-86.7816016,36.1626638,797.771149839718,"Miami-Port St. Lucie-Fort Lauderdale, FL","jordan",0,2014,1
"HighSchool",2013,327,"Ryan White","Trinity","Vanderbilt","CB",69,180,4,0.8917,"Louisville","KY",21111,"Jefferson","DB",-85.7584557,38.2526647,-86.7816016,36.1626638,155.196716784561,"Louisville/Jefferson County--Elizabethtown--Bardstown, KY-IN","ryan",0,2017,0
"HighSchool",2013,360,"Johnny McCrary","Cedar Grove","Vanderbilt","DUAL",76,200,3,0.8838,"Ellenwood","GA",13089,"DeKalb","QB",-84.2873662,33.609725,-86.7816016,36.1626638,226.329443686624,"Atlanta--Athens-Clarke County--Sandy Springs, GA-AL","johnny",0,2015,0
"HighSchool",2013,369,"DeAndre Woods","Clay-Chalkville","Vanderbilt","WR",75,210,3,0.8818,"Pinson","AL",1073,"Jefferson","WR",-86.6833228,33.6889908,-86.7816016,36.1626638,171.233075608623,"Birmingham-Hoover-Talladega, AL","deandre",0,2015,1
"HighSchool",2013,373,"Carlos Burse","Alpharetta","Vanderbilt","WR",75,205,3,0.8812,"Alpharetta","GA",13121,"Fulton","WR",-84.2940899,34.0753762,-86.7816016,36.1626638,201.653495412966,"Atlanta--Athens-Clarke County--Sandy Springs, GA-AL","carlos",0,2013,1
"HighSchool",2013,407,"Mitch Parsons","Chaparral","Vanderbilt","TE",76,235,3,0.8769,"Parker","CO",8035,"Douglas","TE",-104.7613633,39.5186002,-86.7816016,36.1626638,1007.55948508437,"Denver-Aurora, CO","mitch",0,2014,1
"HighSchool",2013,421,"Nigel Bowden","Central","Vanderbilt","ILB",73,230,3,0.8755,"Macon","GA",13021,"Bibb","LB",-83.6324022,32.8406946,-86.7816016,36.1626638,291.61410421927,"Macon-Bibb County--Warner Robins, GA","nigel",0,2016,0
"HighSchool",2013,487,"Landon Stokes","Lake Highland Prep","Vanderbilt","WDE",76,220,3,0.8691,"Orlando","FL",12095,"Orange","DL",-81.3792365,28.5383355,-86.7816016,36.1626638,614.494497702235,"Orlando-Lakeland-Deltona, FL","landon",0,2016,0
"HighSchool",2013,531,"Tre Bell","St. Peters Prep","Vanderbilt","CB",71,165,3,0.8662,"Jersey City","NJ",34017,"Hudson","DB",-74.0431435,40.7177545,-86.7816016,36.1626638,757.853568485974,"New York-Newark, NY-NJ-CT-PA","tre",0,2015,1
"HighSchool",2013,533,"Delando Crooks","Carver","Vanderbilt","OT",76,261,3,0.866,"Atlanta","GA",13121,"Fulton","OL",-84.3879824,33.7489954,-86.7816016,36.1626638,215.175296632212,"Atlanta--Athens-Clarke County--Sandy Springs, GA-AL","delando",0,2016,1
"HighSchool",2013,554,"Chad Kanoff","Harvard Westlake","Vanderbilt","PRO",76,190,3,0.8647,"Studio City","CA",6037,"Los Angeles","QB",-118.3870991,34.1395597,-86.7816016,36.1626638,1785.48149478393,"Los Angeles-Long Beach, CA","chad",0,NA,0
"HighSchool",2013,555,"Mack Weaver","Harding Academy of Memphis","Vanderbilt","WDE",77,240,3,0.8646,"Memphis","TN",47157,"Shelby","DL",-90.0489801,35.1495343,-86.7816016,36.1626638,196.583227249796,"Memphis-Forrest City, TN-MS-AR","mack",0,2014,1
"HighSchool",2013,582,"Jalen Banks","Thornton Township","Vanderbilt","S",72,190,3,0.8624,"Harvey","IL",17031,"Cook","DB",-87.6467131,41.6100344,-86.7816016,36.1626638,379.741485899862,"Chicago-Naperville, IL-IN-WI","jalen",0,2016,1
"HighSchool",2013,585,"Sean Dowling","Fallbrook","Vanderbilt","OT",78,268,3,0.8624,"Fallbrook","CA",6073,"San Diego","OL",-117.2511466,33.3764196,-86.7816016,36.1626638,1735.2273448228,"San Diego-Chula Vista-Carlsbad, CA","sean",0,2016,1
"HighSchool",2013,613,"Jonathan Wynn","Stephenson","Vanderbilt","WDE",76,217,3,0.8609,"Stone Mountain","GA",13089,"DeKalb","DL",-84.170196,33.8081608,-86.7816016,36.1626638,220.085814056052,"Atlanta--Athens-Clarke County--Sandy Springs, GA-AL","jonathan",1,2017,0
"HighSchool",2013,614,"Darrius Sims","Whitehaven","Vanderbilt","CB",70,175,3,0.8609,"Memphis","TN",47157,"Shelby","DB",-90.0489801,35.1495343,-86.7816016,36.1626638,196.583227249796,"Memphis-Forrest City, TN-MS-AR","darrius",0,2016,0
"HighSchool",2013,627,"Oren Burks","South County","Vanderbilt","OLB",76,195,3,0.86,"Lorton","VA",51059,"Fairfax","LB",-77.2277603,38.704282,-86.7816016,36.1626638,553.210317303026,"Washington-Baltimore-Arlington, DC-MD-VA-WV-PA","oren",1,2017,0
"HighSchool",2013,658,"Latevius Rayford","Memphis Central","Vanderbilt","WR",73,180,3,0.8584,"Memphis","TN",47157,"Shelby","WR",-90.0489801,35.1495343,-86.7816016,36.1626638,196.583227249796,"Memphis-Forrest City, TN-MS-AR","latevius",0,2016,0
"HighSchool",2013,825,"Taurean Ferguson","Jonesboro","Vanderbilt","CB",70,175,3,0.8497,"Jonesboro","GA",13063,"Clayton","DB",-84.3538128,33.5215013,-86.7816016,36.1626638,228.878707886117,"Atlanta--Athens-Clarke County--Sandy Springs, GA-AL","taurean",0,2017,0
"HighSchool",2013,873,"Nathan Marcus","Glenbard West","Vanderbilt","TE",77,220,3,0.8463,"Glen Ellyn","IL",17043,"DuPage","TE",-88.0670118,41.8775293,-86.7816016,36.1626638,401.362751493287,"Chicago-Naperville, IL-IN-WI","nathan",0,2017,0
"HighSchool",2013,1277,"Gerald Perry","Whitehaven","Vanderbilt","WR",70,170,3,0.8261,"Memphis","TN",47157,"Shelby","WR",-90.0489801,35.1495343,-86.7816016,36.1626638,196.583227249796,"Memphis-Forrest City, TN-MS-AR","gerald",0,2013,1
"HighSchool",2013,1286,"Ralph Webb","Gainesville","Vanderbilt","RB",69,185,3,0.8255,"Gainesville","FL",12001,"Alachua","RB",-82.3248262,29.6516344,-86.7816016,36.1626638,519.387779834625,"Gainesville-Lake City, FL","ralph",1,2017,0
"HighSchool",2013,1865,"C.J. Duncan","St James School","Vanderbilt","ATH",72,180,3,0.7982,"Montgomery","AL",1101,"Montgomery","ATH",-86.3077368,32.3792233,-86.7816016,36.1626638,263.156396261438,"Montgomery-Selma-Alexander City, AL","cj",0,2017,0
"HighSchool",2013,3091,"Tommy Openshaw","Creekside","Vanderbilt","K",74,165,2,0.7431,"Saint Augustine","FL",12109,"St. Johns","ST",-81.3124341,29.9012437,-86.7816016,36.1626638,536.698135736784,"Jacksonville-St. Marys-Palatka, FL-GA","tommy",0,2017,0
"HighSchool",2013,3362,"Jacob Schultz","Siegel","Vanderbilt","LS",76,206,2,0.7,"Murfreesboro","TN",47149,"Rutherford","ST",-86.39027,35.8456213,-86.7816016,36.1626638,30.9976060446088,"Nashville-Davidson--Murfreesboro, TN","jacob",0,2016,0
"HighSchool",2014,100,"Nifae Lealao","Capital Christian","Vanderbilt","SDE",77,282,4,0.9542,"Sacramento","CA",6067,"Sacramento","DL",-121.4943996,38.5815719,-86.7816016,36.1626638,1904.57817269108,"Sacramento-Roseville, CA","nifae",0,2017,0
"HighSchool",2014,316,"Emmanuel Smith","Oakland","Vanderbilt","S",74,200,4,0.8922,"Murfreesboro","TN",47149,"Rutherford","DB",-86.39027,35.8456213,-86.7816016,36.1626638,30.9976060446088,"Nashville-Davidson--Murfreesboro, TN","emmanuel",1,2017,0
"HighSchool",2014,478,"Dallas Rivers","Stephenson","Vanderbilt","ATH",72,200,3,0.8707,"Stone Mountain","GA",13089,"DeKalb","ATH",-84.170196,33.8081608,-86.7816016,36.1626638,220.085814056052,"Atlanta--Athens-Clarke County--Sandy Springs, GA-AL","dallas",0,2017,0
"HighSchool",2014,544,"Trent Sherfield","Danville","Vanderbilt","S",74,185,3,0.8649,"Danville","IL",17183,"Vermilion","DB",-87.6300207,40.124481,-86.7816016,36.1626638,277.956296707401,"Danville, IL","trent",1,2017,0
"HighSchool",2014,643,"Cole Hardin","Florence","Vanderbilt","OT",77,286,3,0.8584,"Florence","AL",1077,"Lauderdale","OL",-87.677251,34.79981,-86.7816016,36.1626638,106.940959162557,"Florence-Muscle Shoals, AL","cole",0,2016,1
"HighSchool",2014,676,"Ronald Monroe","Bush","Vanderbilt","ATH",74,175,3,0.8569,"Richmond","TX",48157,"Fort Bend","ATH",-95.7607832,29.5821811,-86.7816016,36.1626638,691.857986264661,"Houston-The Woodlands, TX","ronald",0,2015,1
"HighSchool",2014,744,"Bryce Lewis","Parkview","Vanderbilt","CB",73,170,3,0.8534,"Lilburn","GA",13135,"Gwinnett","DB",-84.1429719,33.8901036,-86.7816016,36.1626638,216.933255435923,"Atlanta--Athens-Clarke County--Sandy Springs, GA-AL","bryce",0,2017,1
"HighSchool",2014,922,"Bailey Granier","South Lafourche","Vanderbilt","OT",78,315,3,0.8444,"Galliano","LA",22057,"Lafourche","OL",-90.2992464,29.4421645,-86.7816016,36.1626638,507.861497735946,"Houma-Thibodaux, LA","bailey",0,2017,1
"HighSchool",2014,925,"Bruno Reagan","Clarksville","Vanderbilt","OG",75,301,3,0.8441,"Clarksville","TN",47125,"Montgomery","OL",-87.3594528,36.5297706,-86.7816016,36.1626638,41.01192029542,"Clarksville, TN-KY","bruno",0,2018,0
"HighSchool",2014,969,"Caleb Scott","North Gwinnett","Vanderbilt","WR",75,180,3,0.8422,"Suwanee","GA",13135,"Gwinnett","WR",-84.0712997,34.0514898,-86.7816016,36.1626638,211.797249427999,"Atlanta--Athens-Clarke County--Sandy Springs, GA-AL","caleb",0,2017,0
"HighSchool",2014,1052,"Tre Herndon","East Hamilton","Vanderbilt","CB",72,175,3,0.8386,"Ooltewah","TN",47065,"Hamilton","DB",-85.0817091,35.0712154,-86.7816016,36.1626638,121.827200594671,"Chattanooga-Cleveland-Dalton, TN-GA","tre",1,2017,0
"HighSchool",2014,1170,"Wade Freebeck","St. Thomas Aquinas","Vanderbilt","PRO",75,180,3,0.8323,"Fort Lauderdale","FL",12011,"Broward","QB",-80.1373174,26.1224386,-86.7816016,36.1626638,797.771149839718,"Miami-Port St. Lucie-Fort Lauderdale, FL","wade",0,2016,1
"HighSchool",2014,1184,"Ladarius Wiley","Cathedral","Vanderbilt","WR",73,185,3,0.8319,"Los Angeles","CA",6037,"Los Angeles","WR",-118.2436849,34.0522342,-86.7816016,36.1626638,1778.92898127716,"Los Angeles-Long Beach, CA","ladarius",0,2018,0
"HighSchool",2014,1444,"Sekou Clark","Ryan","Vanderbilt","WDE",75,235,3,0.8184,"Denton","TX",48121,"Denton","DL",-97.1330683,33.2148412,-86.7816016,36.1626638,622.797544208978,"Dallas-Fort Worth, TX-OK","sekou",0,2015,1
"HighSchool",2014,1472,"Rashad Canty","Riverdale","Vanderbilt","WR",76,205,3,0.8173,"Riverdale","GA",13063,"Clayton","WR",-84.4132594,33.5726113,-86.7816016,36.1626638,223.99987220439,"Atlanta--Athens-Clarke County--Sandy Springs, GA-AL","rashad",0,2015,1
"HighSchool",2014,1476,"Khari Blasingame","Buckhorn","Vanderbilt","S",73,204,3,0.8172,"New Market","AL",1089,"Madison","DB",-86.4277677,34.9100883,-86.7816016,36.1626638,88.9199737977484,"Huntsville-Decatur, AL","khari",1,2018,0
"HighSchool",2014,1505,"Shawn Stankavage","Cardinal Gibbons","Vanderbilt","PRO",74,185,3,0.8159,"Raleigh","NC",37183,"Wake","QB",-78.6381787,35.7795897,-86.7816016,36.1626638,456.607627282011,"Raleigh-Durham-Cary, NC","shawn",0,2017,1
"HighSchool",2014,1653,"Hawkins Mann","Burroughs","Vanderbilt","WDE",76,220,3,0.8099,"Burbank","CA",6037,"Los Angeles","DL",-118.3089661,34.1808392,-86.7816016,36.1626638,1780.46319847744,"Los Angeles-Long Beach, CA","hawkins",0,2014,1
"HighSchool",2014,1661,"Arnold Tarpley","Central Catholic","Vanderbilt","S",73,190,3,0.8092,"Pittsburgh","PA",42003,"Allegheny","DB",-79.9958864,40.4406248,-86.7816016,36.1626638,472.327682654444,"Pittsburgh-New Castle-Weirton, PA-OH-WV","arnold",0,2017,0
"HighSchool",2014,2019,"Hayden Lekacz","Glenbard West","Vanderbilt","K",73,175,2,0.7898,"Glen Ellyn","IL",17043,"DuPage","ST",-88.0670118,41.8775293,-86.7816016,36.1626638,401.362751493287,"Chicago-Naperville, IL-IN-WI","hayden",0,2016,0
"HighSchool",2014,2253,"Charles Wright","Irvine","Vanderbilt","WDE",75,220,2,0.7817,"Irvine","CA",6059,"Orange","DL",-117.8265049,33.6845673,-86.7816016,36.1626638,1761.89075955725,"Los Angeles-Long Beach, CA","charles",1,2018,0
"HighSchool",2014,2360,"Riley Tindol","Autauga Academy","Vanderbilt","OT",78,270,2,0.7783,"Prattville","AL",1001,"Autauga","OL",-86.4596966,32.4640245,-86.7816016,36.1626638,256.552043138735,"Montgomery-Selma-Alexander City, AL","riley",0,2016,1
"HighSchool",2014,3007,"Davis Winkie","South Forsyth","Vanderbilt","LS",78,250,2,0.7609,"Cumming","GA",13117,"Forsyth","ST",-84.1401926,34.2073196,-86.7816016,36.1626638,201.500262215357,"Atlanta--Athens-Clarke County--Sandy Springs, GA-AL","davis",0,2016,0
"HighSchool",2015,141,"Josh Smith","Oakland","Vanderbilt","ILB",75,228,4,0.9378,"Murfreesboro","TN",47149,"Rutherford","LB",-86.39027,35.8456213,-86.7816016,36.1626638,30.9976060446088,"Nashville-Davidson--Murfreesboro, TN","josh",0,2018,0
"HighSchool",2015,294,"Kyle Shurmur","La Salle College","Vanderbilt","PRO",76,215,4,0.8992,"Glenside","PA",42091,"Montgomery","QB",-75.1527928,40.0999077,-86.7816016,36.1626638,688.281267833347,"Philadelphia-Reading-Camden, PA-NJ-DE-MD","kyle",1,2018,0
"HighSchool",2015,392,"Donovan Sheffield","Ensworth","Vanderbilt","CB",71,170,3,0.8815,"Nashville","TN",47037,"Davidson","DB",-86.7816016,36.1626638,-86.7816016,36.1626638,0,"Nashville-Davidson--Murfreesboro, TN","donovan",0,2018,0
"HighSchool",2015,601,"Caleb Peart","Hamilton","Vanderbilt","SDE",72,240,3,0.8625,"Chandler","AZ",4013,"Maricopa","DL",-111.8412502,33.3061605,-86.7816016,36.1626638,1434.39674407959,"Phoenix-Mesa, AZ","caleb",0,2019,1
"HighSchool",2015,779,"Dare Odeyingbo","Cistercian Prep","Vanderbilt","ILB",73,243,3,0.8543,"Irving","TX",48113,"Dallas","LB",-96.9488945,32.8140177,-86.7816016,36.1626638,623.957486001639,"Dallas-Fort Worth, TX-OK","dare",0,2018,0
"HighSchool",2015,794,"Jordan Griffin","Armwood","Vanderbilt","ILB",72,207,3,0.8537,"Seffner","FL",12057,"Hillsborough","LB",-82.2756468,27.9836329,-86.7816016,36.1626638,624.278818736991,"Tampa-St. Petersburg-Clearwater, FL","jordan",0,2018,0
"HighSchool",2015,795,"Sam Dobbs","Landmark Christian School","Vanderbilt","TE",76.5,220,3,0.8537,"Fairburn","GA",13121,"Fulton","TE",-84.5810418,33.5670562,-86.7816016,36.1626638,218.737235787602,"Atlanta--Athens-Clarke County--Sandy Springs, GA-AL","sam",0,2018,1
"HighSchool",2015,1004,"Justin Skule","Centreville","Vanderbilt","OT",78,280,3,0.8456,"Clifton","VA",51059,"Fairfax","OL",-77.3866535,38.7801142,-86.7816016,36.1626638,546.414854405573,"Washington-Baltimore-Arlington, DC-MD-VA-WV-PA","justin",1,2018,0
"HighSchool",2015,1122,"Josh Crawford","Edgewood Academy","Vanderbilt","RB",71,214,3,0.8406,"Elmore","AL",1051,"Elmore","RB",-86.3149712,32.5387448,-86.7816016,36.1626638,252.134329009747,"Montgomery-Selma-Alexander City, AL","josh",0,2018,1
"HighSchool",2015,1168,"Ean Pfeifer","Bentonville","Vanderbilt","OT",77,285,3,0.8392,"Bentonville","AR",5007,"Benton","OL",-94.2088172,36.3728538,-86.7816016,36.1626638,414.454956612256,"Fayetteville-Springdale-Rogers, AR","ean",0,2017,0
"HighSchool",2015,1198,"Andrew Rector","Father Ryan","Vanderbilt","S",73,190,3,0.8386,"Nashville","TN",47037,"Davidson","DB",-86.7816016,36.1626638,-86.7816016,36.1626638,0,"Nashville-Davidson--Murfreesboro, TN","andrew",0,2018,1
"HighSchool",2015,1218,"Darion DeBrossard","Shiloh","Vanderbilt","OG",77,320,3,0.8375,"Snellville","GA",13135,"Gwinnett","OL",-84.0199108,33.857328,-86.7816016,36.1626638,223.427874987135,"Atlanta--Athens-Clarke County--Sandy Springs, GA-AL","darion",0,2018,1
"HighSchool",2015,1442,"Jared Southers","Seton Hall Preparatory School","Vanderbilt","OT",77,285,3,0.8289,"West Orange","NJ",34013,"Essex","OL",-74.2390828,40.7985699,-86.7816016,36.1626638,750.250274261119,"New York-Newark, NY-NJ-CT-PA","jared",0,2018,1
"HighSchool",2015,1454,"Jared Pinkney","Norcross","Vanderbilt","WR",77,224,3,0.8286,"Norcross","GA",13135,"Gwinnett","WR",-84.2135309,33.9412127,-86.7816016,36.1626638,211.586818687058,"Atlanta--Athens-Clarke County--Sandy Springs, GA-AL","jared",1,2019,0
"HighSchool",2015,1717,"Kyle Anderton","Station Camp","Vanderbilt","TE",76,260,3,0.814,"Gallatin","TN",47165,"Sumner","TE",-86.4466599,36.3883809,-86.7816016,36.1626638,24.3490426171979,"Nashville-Davidson--Murfreesboro, TN","kyle",0,2016,1
"HighSchool",2015,1823,"Jay Hockaday","C.P.A.","Vanderbilt","ILB",75,215,3,0.8092,"Nashville","TN",47037,"Davidson","LB",-86.7816016,36.1626638,-86.7816016,36.1626638,0,"Nashville-Davidson--Murfreesboro, TN","jay",0,2017,1
"HighSchool",2015,2459,"Jaire George","DeMatha Catholic","Vanderbilt","ATH",74,226,2,0.7824,"Hyattsville","MD",24033,"Prince George's","ATH",-76.9455301,38.9559442,-86.7816016,36.1626638,572.657916449945,"Washington-Baltimore-Arlington, DC-MD-VA-WV-PA","jaire",0,2018,1
"HighSchool",2016,205,"Joejuan Williams","Hendersonville","Vanderbilt","CB",74,195,4,0.9196,"Hendersonville","TN",47165,"Sumner","DB",-86.6199957,36.3047735,-86.7816016,36.1626638,13.34171136845,"Nashville-Davidson--Murfreesboro, TN","joejuan",1,2018,0
"HighSchool",2016,520,"Sean Auwae","Kapolei","Vanderbilt","OC",76,285,3,0.8675,"Kapolei","HI",15003,"Honolulu","OL",-158.0568965,21.3353909,-86.7816016,36.1626638,4349.29836213181,"Urban Honolulu, HI","sean",0,2016,1
"HighSchool",2016,522,"Zaire Jones","Meridian","Vanderbilt","S",73,190,3,0.8671,"Meridian","MS",28075,"Lauderdale","DB",-88.703656,32.3643098,-86.7816016,36.1626638,284.826983288523,"Rural, MS","zaire",0,2018,1
"HighSchool",2016,566,"Deuce Wallace","Sevier County","Vanderbilt","PRO",74,200,3,0.864,"Sevierville","TN",47155,"Sevier","QB",-83.561835,35.8681455,-86.7816016,36.1626638,181.322232764189,"Knoxville-Morristown-Sevierville, TN","deuce",0,2019,1
"HighSchool",2016,644,"Devin Cochran","Greater Atlanta Christian School","Vanderbilt","OT",79,305,3,0.859,"Norcross","GA",13135,"Gwinnett","OL",-84.2135309,33.9412127,-86.7816016,36.1626638,211.586818687058,"Atlanta--Athens-Clarke County--Sandy Springs, GA-AL","devin",0,2019,0
"HighSchool",2016,1050,"Kalija Lipscomb","Jesuit","Vanderbilt","WR",72,185,3,0.8407,"New Orleans","LA",22071,"Orleans","WR",-90.0715323,29.9510658,-86.7816016,36.1626638,470.103203314899,"New Orleans-Metairie-Hammond, LA-MS","kalija",1,2019,0
"HighSchool",2016,1064,"Donaven Tennyson","Benedictine","Vanderbilt","WR",70,170,3,0.8403,"Richmond","VA",51760,"Richmond","WR",-77.4360481,37.5407246,-86.7816016,36.1626638,525.859893796122,"Richmond, VA","donaven",0,2018,1
"HighSchool",2016,1220,"Bailey McElwain","Hewitt-Trussville","Vanderbilt","FB",72,231,3,0.8334,"Trussville","AL",1073,"Jefferson","RB",-86.6088756,33.6198251,-86.7816016,36.1626638,176.20034186943,"Birmingham-Hoover-Talladega, AL","bailey",0,2017,1
"HighSchool",2016,1221,"Frank Coppet","St. Thomas Aquinas","Vanderbilt","CB",70,177,3,0.8334,"Fort Lauderdale","FL",12011,"Broward","DB",-80.1373174,26.1224386,-86.7816016,36.1626638,797.771149839718,"Miami-Port St. Lucie-Fort Lauderdale, FL","frank",0,2020,1
"HighSchool",2016,1299,"Jamauri Wakefield","Providence","Vanderbilt","RB",73,210,3,0.8326,"Jacksonville","FL",12031,"Duval","RB",-81.655651,30.3321838,-86.7816016,36.1626638,500.493422215905,"Jacksonville-St. Marys-Palatka, FL-GA","jamauri",0,2020,1
"HighSchool",2016,1397,"Elijah Hamilton","Blessed Trinity Catholic","Vanderbilt","CB",73,190,3,0.829,"Roswell","GA",13121,"Fulton","DB",-84.3615555,34.0232431,-86.7816016,36.1626638,201.669745385577,"Atlanta--Athens-Clarke County--Sandy Springs, GA-AL","elijah",0,2020,1
"HighSchool",2016,1420,"Austin Quillen","Jenks","Vanderbilt","S",72,195,3,0.8281,"Jenks","OK",40143,"Tulsa","DB",-95.9683278,36.0228734,-86.7816016,36.1626638,513.495765938262,"Tulsa-Muskogee-Bartlesville, OK","austin",0,2019,1
"HighSchool",2016,1442,"Turner Cockrell","Allatoona","Vanderbilt","TE",77,205,3,0.8267,"Acworth","GA",13067,"Cobb","TE",-84.6768796,34.0659329,-86.7816016,36.1626638,187.689415684958,"Atlanta--Athens-Clarke County--Sandy Springs, GA-AL","turner",0,2018,0
"HighSchool",2016,1446,"Jackson Winrow","Shawnee","Vanderbilt","WR",74,180,3,0.8266,"Shawnee","OK",40125,"Pottawatomie","WR",-96.9253004,35.3272928,-86.7816016,36.1626638,572.254926771147,"Oklahoma City-Shawnee, OK","jackson",0,2020,1
"HighSchool",2016,1462,"Braden Kopp","Houston Christian","Vanderbilt","OT",78,285,3,0.8259,"Houston","TX",48201,"Harris","OL",-95.3698028,29.7604267,-86.7816016,36.1626638,666.343824535218,"Houston-The Woodlands, TX","braden",0,2019,1
"HighSchool",2016,1486,"Drew Birchmeier","Cosby","Vanderbilt","DT",76,275,3,0.8249,"Midlothian","VA",51041,"Chesterfield","DL",-77.6490005,37.5061069,-86.7816016,36.1626638,513.960343488083,"Richmond, VA","drew",0,2020,0
"HighSchool",2016,1694,"Sam Loy","Santa Margarita Catholic","Vanderbilt","P",74,192,3,0.8163,"Rancho Santa Margarita","CA",6059,"Orange","ST",-117.602832,33.640171,-86.7816016,36.1626638,1750.18928754483,"Los Angeles-Long Beach, CA","sam",0,2017,0
"HighSchool",2016,1740,"Cameron Tidd","Center Grove","Vanderbilt","DT",75,265,3,0.8137,"Greenwood","IN",18081,"Johnson","DL",-86.1066526,39.6136578,-86.7816016,36.1626638,241.583901251056,"Indianapolis-Carmel-Muncie, IN","cameron",0,2020,0
"HighSchool",2016,2020,"Josiah Sa'o","Kearny","Vanderbilt","DT",74.5,285,3,0.8025,"San Diego","CA",6073,"San Diego","DL",-117.1610838,32.715738,-86.7816016,36.1626638,1742.57513308561,"San Diego-Chula Vista-Carlsbad, CA","josiah",0,2019,1
"HighSchool",2016,2494,"Kenny Hebert","Holy Cross","Vanderbilt","OLB",75.5,215,2,0.7857,"New Orleans","LA",22071,"Orleans","LB",-90.0715323,29.9510658,-86.7816016,36.1626638,470.103203314899,"New Orleans-Metairie-Hammond, LA-MS","kenny",0,2020,1
"HighSchool",2016,2615,"Andre Mintze","Imhotep Institute","Vanderbilt","WDE",75,220,2,0.7817,"Philadelphia","PA",42101,"Philadelphia","DL",-75.1652215,39.9525839,-86.7816016,36.1626638,684.30267068935,"Philadelphia-Reading-Camden, PA-NJ-DE-MD","andre",0,2020,0
"HighSchool",2017,609,"Jacob Free","Brantley","Vanderbilt","PRO",77,200,3,0.8609,"Brantley","AL",1041,"Crenshaw","QB",-86.2571786,31.5823832,-86.7816016,36.1626638,318.315930345606,"Rural, AL","jacob",0,2017,1
"HighSchool",2017,634,"Dayo Odeyingbo","Ranchview","Vanderbilt","SDE",76,252,3,0.8591,"Carrollton","TX",48113,"Dallas","DL",-96.8899636,32.9756415,-86.7816016,36.1626638,616.252121125388,"Dallas-Fort Worth, TX-OK","dayo",1,2020,0
"HighSchool",2017,643,"Bryce Bailey","Castle","Vanderbilt","OT",77,290,3,0.859,"Newburgh","IN",18173,"Warrick","OL",-87.4052865,37.9444882,-86.7816016,36.1626638,127.994956856435,"Evansville, IN-KY","bryce",0,2020,0
"HighSchool",2017,667,"Dimitri Moore","Cedar Hill","Vanderbilt","OLB",74,195,3,0.8577,"Cedar Hill","TX",48113,"Dallas","LB",-96.9561152,32.5884689,-86.7816016,36.1626638,630.993175406049,"Dallas-Fort Worth, TX-OK","dimitri",0,2020,0
"HighSchool",2017,699,"Randall Haynie","Cardinal Gibbons","Vanderbilt","CB",72,178,3,0.8559,"Fort Lauderdale","FL",12011,"Broward","DB",-80.1373174,26.1224386,-86.7816016,36.1626638,797.771149839718,"Miami-Port St. Lucie-Fort Lauderdale, FL","randall",0,2020,0
"HighSchool",2017,824,"Jalen Pinkney","Norcross","Vanderbilt","WDE",75.5,235,3,0.8506,"Norcross","GA",13135,"Gwinnett","DL",-84.2135309,33.9412127,-86.7816016,36.1626638,211.586818687058,"Atlanta--Athens-Clarke County--Sandy Springs, GA-AL","jalen",0,2017,1
"HighSchool",2017,826,"Colin Anderson","Brooks","Vanderbilt","OLB",74,210,3,0.8504,"Killen","AL",1077,"Lauderdale","LB",-87.5375253,34.8628637,-86.7816016,36.1626638,99.4936160298083,"Florence-Muscle Shoals, AL","colin",0,2020,1
"HighSchool",2017,866,"Tae Daley","Northside","Vanderbilt","S",71,175,3,0.8488,"Warner Robins","GA",13153,"Houston","DB",-83.624201,32.6130007,-86.7816016,36.1626638,304.600555477316,"Macon-Bibb County--Warner Robins, GA","tae",0,2020,0
"HighSchool",2017,963,"Cole Clemens","Bingham","Vanderbilt","OT",77,286,3,0.8457,"South Jordan","UT",49035,"Salt Lake","OL",-111.929658,40.5621704,-86.7816016,36.1626638,1392.67770400259,"Salt Lake City-Provo-Orem, UT","cole",0,2020,0
"HighSchool",2017,1022,"Stone Edwards","Orange","Vanderbilt","SDE",76,240,3,0.8432,"Hillsborough","NC",37135,"Orange","DL",-79.0997347,36.0754183,-86.7816016,36.1626638,429.251928304194,"Raleigh-Durham-Cary, NC","stone",0,2019,1
"HighSchool",2017,1134,"Michael Owusu","Oaks Christian","Vanderbilt","OLB",78,210,3,0.8388,"Westlake Village","CA",6037,"Los Angeles","LB",-118.8073729,34.1466467,-86.7816016,36.1626638,1808.75170507898,"Los Angeles-Long Beach, CA","michael",0,2020,0
"HighSchool",2017,1208,"Jonathan Stewart","Mountain View","Vanderbilt","OT",80,292,3,0.836,"Lawrenceville","GA",13135,"Gwinnett","OL",-83.9879625,33.9562149,-86.7816016,36.1626638,219.828263923589,"Atlanta--Athens-Clarke County--Sandy Springs, GA-AL","jonathan",0,2020,0
"HighSchool",2017,1240,"Feleti Afemui","Maui","Vanderbilt","ILB",75,222,3,0.835,"Kahului","HI",15009,"Maui","LB",-156.4729469,20.8893351,-86.7816016,36.1626638,4277.26772330152,"Kahului-Wailuku-Lahaina, HI","feleti",0,2020,0
"HighSchool",2017,1494,"Chris Pierce","Smithfield","Vanderbilt","WR",76,212,3,0.8247,"Smithfield","VA",51093,"Isle of Wight","WR",-76.6310662,36.9823709,-86.7816016,36.1626638,566.565800971588,"Virginia Beach-Norfolk, VA-NC","chris",0,2020,0
"HighSchool",2017,1680,"Grant Miller","St. Thomas Aquinas","Vanderbilt","OT",76,278,3,0.8169,"Bradenton","FL",12081,"Manatee","OL",-82.5748194,27.4989278,-86.7816016,36.1626638,648.207793122192,"North Port-Sarasota, FL","grant",0,2020,0
"HighSchool",2017,1755,"James Bostic Jr.","Cardinal Gibbons","Vanderbilt","WR",75,200,3,0.8141,"Fort Lauderdale","FL",12011,"Broward","WR",-80.1373174,26.1224386,-86.7816016,36.1626638,797.771149839718,"Miami-Port St. Lucie-Fort Lauderdale, FL","james",0,2020,0
"HighSchool",2017,1925,"Allan George","Andalusia","Vanderbilt","CB",74,180,3,0.8071,"Andalusia","AL",1039,"Covington","DB",-86.4832913,31.3085039,-86.7816016,36.1626638,336.275222437168,"Rural, AL","allan",0,2020,0
"HighSchool",2017,2733,"Jonah Buchanan","Iolani School","Vanderbilt","SDE",75.5,270,2,0.779,"Honolulu","HI",15003,"Honolulu","DL",-157.8583333,21.3069444,-86.7816016,36.1626638,4339.3091861846,"Urban Honolulu, HI","jonah",0,2020,0
"HighSchool",2017,2947,"Brayden DeVault-Smith","Pearl Cohn","Vanderbilt","ILB",75,205,2,0.7731,"Nashville","TN",47037,"Davidson","LB",-86.7816016,36.1626638,-86.7816016,36.1626638,0,"Nashville-Davidson--Murfreesboro, TN","brayden",0,2020,0
"HighSchool",2018,245,"Alston Orji","Rockwall","Vanderbilt","ILB",74,230,4,0.9103,"Rockwall","TX",48397,"Rockwall","LB",-96.4500618,32.9090739,-86.7816016,36.1626638,594.878659589405,"Dallas-Fort Worth, TX-OK","alston",0,2020,0
"HighSchool",2018,264,"Camron Johnson","Brentwood Academy","Vanderbilt","WR",73,182,4,0.907,"Brentwood","TN",47187,"Williamson","WR",-86.7827772,36.0331164,-86.7816016,36.1626638,8.96304429465517,"Nashville-Davidson--Murfreesboro, TN","camron",0,2020,0
"HighSchool",2018,264,"Cam Johnson","Brentwood Academy","Vanderbilt","WR",73,182,4,0.907,"Brentwood","TN",47187,"Williamson","WR",-86.7827772,36.0331164,-86.7816016,36.1626638,8.96304429465517,"Nashville-Davidson--Murfreesboro, TN","cam",0,2020,0
"HighSchool",2018,371,"Brendon Harris","Baylor School","Vanderbilt","S",72.5,205,4,0.8907,"Chattanooga","TN",47065,"Hamilton","DB",-85.3096801,35.0456297,-86.7816016,36.1626638,113.25848526502,"Chattanooga-Cleveland-Dalton, TN-GA","brendon",0,2020,0
"HighSchool",2018,414,"Salua Masina","Brighton","Vanderbilt","OLB",75.5,205,3,0.8863,"Salt Lake City","UT",49035,"Salt Lake","LB",-111.8910474,40.7607793,-86.7816016,36.1626638,1391.80267468765,"Salt Lake City-Provo-Orem, UT","salua",0,2019,1
"HighSchool",2018,443,"Tre Douglas","Eagles Landing Christian Academy","Vanderbilt","CB",74,180,3,0.8835,"McDonough","GA",13151,"Henry","DB",-84.1468616,33.4473361,-86.7816016,36.1626638,240.172579486637,"Atlanta--Athens-Clarke County--Sandy Springs, GA-AL","tre",0,2020,0
"HighSchool",2018,506,"Allan Walters","The Peddie School","Vanderbilt","PRO",73,200,3,0.8784,"Hightstown","NJ",34021,"Mercer","QB",-74.5232089,40.2695538,-86.7816016,36.1626638,723.567366563533,"New York-Newark, NY-NJ-CT-PA","allan",0,2019,1
"HighSchool",2018,549,"Dan Dawkins","The Peddie School","Vanderbilt","OC",75,296,3,0.8749,"Hightstown","NJ",34021,"Mercer","OL",-74.5232089,40.2695538,-86.7816016,36.1626638,723.567366563533,"New York-Newark, NY-NJ-CT-PA","dan",0,2020,0
"HighSchool",2018,602,"Gavin Schoenwald","Brentwood Academy","Vanderbilt","TE",77,225,3,0.8722,"Brentwood","TN",47187,"Williamson","TE",-86.7827772,36.0331164,-86.7816016,36.1626638,8.96304429465517,"Nashville-Davidson--Murfreesboro, TN","gavin",0,2020,0
"HighSchool",2018,637,"Dashaun Jerkins","Woodbridge","Vanderbilt","S",71.5,195,3,0.8706,"Woodbridge","VA",51153,"Prince William","DB",-77.2497049,38.6581722,-86.7816016,36.1626638,551.218733352075,"Washington-Baltimore-Arlington, DC-MD-VA-WV-PA","dashaun",0,2020,0
"HighSchool",2018,669,"C.J. Bolar","Purvis","Vanderbilt","WR",74,186,3,0.868,"Purvis","MS",28073,"Lamar","WR",-89.4097866,31.1432351,-86.7816016,36.1626638,378.776740330792,"Hattiesburg-Laurel, MS","cj",0,2019,1
"HighSchool",2018,735,"Elijah McAllister","Rumson-Fair Haven","Vanderbilt","SDE",78,230,3,0.8642,"Rumson","NJ",34025,"Monmouth","DL",-73.9990269,40.372054,-86.7816016,36.1626638,752.021915631296,"New York-Newark, NY-NJ-CT-PA","elijah",0,2020,0
"HighSchool",2018,755,"Ben Bresnahan","West Forsyth","Vanderbilt","TE",77,225,3,0.8635,"Cumming","GA",13117,"Forsyth","TE",-84.1401926,34.2073196,-86.7816016,36.1626638,201.500262215357,"Atlanta--Athens-Clarke County--Sandy Springs, GA-AL","ben",0,2020,0
"HighSchool",2018,976,"Maxwell Worship","Cardinal Gibbons","Vanderbilt","S",73,198,3,0.8538,"Fort Lauderdale","FL",12011,"Broward","DB",-80.1373174,26.1224386,-86.7816016,36.1626638,797.771149839718,"Miami-Port St. Lucie-Fort Lauderdale, FL","maxwell",0,2020,0
"HighSchool",2018,1034,"Amir Abdur-Rahman","Mays","Vanderbilt","WR",76,200,3,0.8518,"Atlanta","GA",13121,"Fulton","WR",-84.3879824,33.7489954,-86.7816016,36.1626638,215.175296632212,"Atlanta--Athens-Clarke County--Sandy Springs, GA-AL","amir",0,2020,0
"HighSchool",2018,1113,"Ja'Veon Marlow","Winter Haven","Vanderbilt","RB",70,200,3,0.8485,"Winter Haven","FL",12105,"Polk","RB",-81.7328567,28.0222435,-86.7816016,36.1626638,635.945673041262,"Orlando-Lakeland-Deltona, FL","javeon",0,2020,0
"HighSchool",2018,1177,"Tyler Steen","St. Thomas Aquinas","Vanderbilt","OT",77,300,3,0.8464,"Fort Lauderdale","FL",12011,"Broward","OL",-80.1373174,26.1224386,-86.7816016,36.1626638,797.771149839718,"Miami-Port St. Lucie-Fort Lauderdale, FL","tyler",0,2020,0
"HighSchool",2018,1184,"Wyatt Smock","St. Xavier","Vanderbilt","OG",76,290,3,0.8464,"Louisville","KY",21111,"Jefferson","OL",-85.7584557,38.2526647,-86.7816016,36.1626638,155.196716784561,"Louisville/Jefferson County--Elizabethtown--Bardstown, KY-IN","wyatt",0,NA,1
"HighSchool",2018,1674,"BJ Anderson","Andalusia","Vanderbilt","WR",74,172,3,0.8255,"Andalusia","AL",1039,"Covington","WR",-86.4832913,31.3085039,-86.7816016,36.1626638,336.275222437168,"Rural, AL","bj",0,2020,0
"HighSchool",2018,2070,"Javan Rice","Belen Jesuit Prep","Vanderbilt","K",75,190,3,0.8076,"Miami","FL",12086,"Miami-Dade","ST",-80.1917902,25.7616798,-86.7816016,36.1626638,818.380327379512,"Miami-Port St. Lucie-Fort Lauderdale, FL","javan",0,2020,0
"HighSchool",2018,2616,"Lorenza Surgers","Panther Creek","Vanderbilt","WDE",79,225,2,0.7882,"Cary","NC",37183,"Wake","DL",-78.7811169,35.79154,-86.7816016,36.1626638,448.542918853176,"Raleigh-Durham-Cary, NC","lorenza",0,2020,0
"HighSchool",2018,NA,"JaVeon Marlow","Winter Haven Senior","Vanderbilt","RB",70,200,3,0.8485,"Winter Haven","FL",12105,"Polk","RB",-81.7328567,28.0222435,-86.7816016,36.1626638,635.945673041262,"Orlando-Lakeland-Deltona, FL","javeon",0,2020,0
"HighSchool",2019,468,"Anfernee Orji","Rockwall","Vanderbilt","S",73,200,3,0.8837,"Rockwall","TX",48397,"Rockwall","DB",-96.4500618,32.9090739,-86.7816016,36.1626638,594.878659589405,"Dallas-Fort Worth, TX-OK","anfernee",0,2020,0
"HighSchool",2019,696,"Daevion Davis","James Clemens","Vanderbilt","DT",73,315,3,0.8688,"Madison","AL",1089,"Madison","DL",-86.7483318,34.6992579,-86.7816016,36.1626638,101.263855936134,"Huntsville-Decatur, AL","daevion",0,2020,0
"HighSchool",2019,865,"Justin Harris","Etowah","Vanderbilt","S",74,175,3,0.8605,"Attalla","AL",1055,"Etowah","DB",-86.0885852,34.0217639,-86.7816016,36.1626638,153.225196236841,"Gadsden, AL","justin",0,2020,0
"HighSchool",2019,892,"Devin Boddie","Whitehaven","Vanderbilt","ATH",71,165,3,0.8593,"Memphis","TN",47157,"Shelby","ATH",-90.0489801,35.1495343,-86.7816016,36.1626638,196.583227249796,"Memphis-Forrest City, TN-MS-AR","devin",0,2020,0
"HighSchool",2019,930,"Jayden Harrison","Pearl Cohn","Vanderbilt","WR",70,187,3,0.8573,"Nashville","TN",47037,"Davidson","WR",-86.7816016,36.1626638,-86.7816016,36.1626638,0,"Nashville-Davidson--Murfreesboro, TN","jayden",0,2020,0
"HighSchool",2019,982,"Keyon Brooks","Kennesaw Mountain","Vanderbilt","RB",73,195,3,0.8552,"Acworth","GA",13067,"Cobb","RB",-84.6768796,34.0659329,-86.7816016,36.1626638,187.689415684958,"Atlanta--Athens-Clarke County--Sandy Springs, GA-AL","keyon",0,2020,0
"HighSchool",2019,985,"Brayden Bapst","St. John's College HS","Vanderbilt","OT",80,246,3,0.8552,"Washington","DC",11001,"District of Columbia","OL",-77.0368707,38.9071923,-86.7816016,36.1626638,566.983405919674,"Washington-Baltimore-Arlington, DC-MD-VA-WV-PA","brayden",0,2020,0
"HighSchool",2019,1006,"Christian James","Christian Brothers","Vanderbilt","WDE",76,245,3,0.854,"Memphis","TN",47157,"Shelby","DL",-90.0489801,35.1495343,-86.7816016,36.1626638,196.583227249796,"Memphis-Forrest City, TN-MS-AR","christian",0,2020,0
"HighSchool",2019,1063,"Jamil Muhammad","James Clemens","Vanderbilt","ATH",73,217,3,0.8526,"Madison","AL",1089,"Madison","ATH",-86.7483318,34.6992579,-86.7816016,36.1626638,101.263855936134,"Huntsville-Decatur, AL","jamil",0,NA,1
"HighSchool",2019,1120,"Joel DeCoursey","Zionsville","Vanderbilt","TE",77,220,3,0.8505,"Zionsville","IN",18011,"Boone","TE",-86.261937,39.9508733,-86.7816016,36.1626638,263.612142183087,"Indianapolis-Carmel-Muncie, IN","joel",0,2020,0
"HighSchool",2019,1404,"Jaylen Mahoney","South Pointe","Vanderbilt","CB",71,180,3,0.8397,"Rock Hill","SC",45091,"York","DB",-81.0250784,34.9248667,-86.7816016,36.1626638,335.124005236135,"Charlotte-Concord, NC-SC","jaylen",0,2020,0
"HighSchool",2019,1426,"Donald Fitzgerald","Hillsboro","Vanderbilt","OT",80,280,3,0.8384,"Nashville","TN",47037,"Davidson","OL",-86.7816016,36.1626638,-86.7816016,36.1626638,0,"Nashville-Davidson--Murfreesboro, TN","donald",0,2020,0
"HighSchool",2019,1459,"Julian Hernandez","St. Thomas Aquinas","Vanderbilt","OG",74.5,294,3,0.8369,"Fort Lauderdale","FL",12011,"Broward","OL",-80.1373174,26.1224386,-86.7816016,36.1626638,797.771149839718,"Miami-Port St. Lucie-Fort Lauderdale, FL","julian",0,2020,0
"HighSchool",2019,1681,"Nate Clifton","Brentwood Academy","Vanderbilt","OT",77,250,3,0.8307,"Brentwood","TN",47187,"Williamson","OL",-86.7827772,36.0331164,-86.7816016,36.1626638,8.96304429465517,"Nashville-Davidson--Murfreesboro, TN","nate",0,2020,0
"HighSchool",2019,1760,"JR Tran-Reno","Briarwood Christian","Vanderbilt","ATH",73,205,3,0.8276,"Birmingham","AL",1073,"Jefferson","ATH",-86.8103567,33.5185892,-86.7816016,36.1626638,182.938942049469,"Birmingham-Hoover-Talladega, AL","jr",0,2020,0
"HighSchool",2019,1850,"Justin Ball","Gonzaga","Vanderbilt","TE",78,230,3,0.8248,"Washington","DC",11001,"District of Columbia","TE",-77.0368707,38.9071923,-86.7816016,36.1626638,566.983405919674,"Washington-Baltimore-Arlington, DC-MD-VA-WV-PA","justin",0,2020,0
"HighSchool",2019,1891,"Gabriel Jeudy","Ardrey Kell","Vanderbilt","CB",73,172,3,0.8221,"Charlotte","NC",37119,"Mecklenburg","DB",-80.8431267,35.2270869,-86.7816016,36.1626638,339.832259891255,"Charlotte-Concord, NC-SC","gabriel",0,2020,0
"HighSchool",2019,3199,"Jared Wheatley","Porter Ridge","Vanderbilt","P",74,195,2,0.7831,"Indian Trail","NC",37179,"Union","ST",-80.6692352,35.0768141,-86.7816016,36.1626638,351.811287652336,"Charlotte-Concord, NC-SC","jared",0,2020,0
"HighSchool",2020,399,"De'Rickey Wright","Gadsden City","Vanderbilt","ATH",76,220,3,0.8884,"Gadsden","AL",1055,"Etowah","ATH",-86.0066386,34.014264,-86.7816016,36.1626638,154.975826112629,"Gadsden, AL","derickey",0,2020,0
"HighSchool",2020,416,"Donovan Kaufman","Archbishop Rummel","Vanderbilt","S",69,195,3,0.886,"Metairie","LA",22051,"Jefferson","DB",-90.1528519,29.9840922,-86.7816016,36.1626638,469.938153237809,"New Orleans-Metairie-Hammond, LA-MS","donovan",0,2020,0
"HighSchool",2020,492,"Kevo Wesley","Curie Metropolitan","Vanderbilt","OC",75,280,3,0.8788,"Chicago","IL",17031,"Cook","OL",-87.6297982,41.8781136,-86.7816016,36.1626638,398.039543079289,"Chicago-Naperville, IL-IN-WI","kevo",0,2020,0
"HighSchool",2020,512,"Ken Seals","Weatherford","Vanderbilt","PRO",75,203,3,0.8776,"Weatherford","TX",48367,"Parker","QB",-97.7972544,32.7592955,-86.7816016,36.1626638,670.547427929445,"Dallas-Fort Worth, TX-OK","ken",0,2020,0
"HighSchool",2020,521,"Mike Wright","Woodward Academy","Vanderbilt","DUAL",76,185,3,0.8766,"Atlanta","GA",13121,"Fulton","QB",-84.3879824,33.7489954,-86.7816016,36.1626638,215.175296632212,"Atlanta--Athens-Clarke County--Sandy Springs, GA-AL","mike",0,2020,0
"HighSchool",2020,826,"Diego LaMonica","Gulliver Prep","Vanderbilt","TE",76,226,3,0.8613,"Miami","FL",12086,"Miami-Dade","TE",-80.1917902,25.7616798,-86.7816016,36.1626638,818.380327379512,"Miami-Port St. Lucie-Fort Lauderdale, FL","diego",0,2020,0
"HighSchool",2020,906,"Will Sheppard","Mandeville","Vanderbilt","WR",74,180,3,0.8578,"Mandeville","LA",22103,"St. Tammany","WR",-90.0656311,30.3582506,-86.7816016,36.1626638,444.172364408457,"New Orleans-Metairie-Hammond, LA-MS","will",0,2020,0
"HighSchool",2020,951,"Logan Kyle","Memorial","Vanderbilt","WR",74.5,199,3,0.8552,"Tomball","TX",48201,"Harris","WR",-95.6160549,30.0971621,-86.7816016,36.1626638,661.348686560033,"Houston-The Woodlands, TX","logan",0,2020,0
"HighSchool",2020,1140,"Rocko Griffin","South Effingham","Vanderbilt","RB",69,187,3,0.8497,"Savannah","GA",13051,"Chatham","RB",-81.091203,32.0808989,-86.7816016,36.1626638,431.088430351807,"Savannah-Hinesville-Statesboro, GA","rocko",0,2020,0
"HighSchool",2020,1154,"Bradley Ashmore","Duncan U. Fletcher","Vanderbilt","OT",78,280,3,0.8485,"Neptune Beach","FL",12031,"Duval","OL",-81.3964734,30.311908,-86.7816016,36.1626638,510.633959194763,"Jacksonville-St. Marys-Palatka, FL-GA","bradley",0,2020,0
"HighSchool",2020,1157,"Jason Brooks","Dobie","Vanderbilt","OG",76,290,3,0.8485,"Houston","TX",48201,"Harris","OL",-95.3698028,29.7604267,-86.7816016,36.1626638,666.343824535218,"Houston-The Woodlands, TX","jason",0,2020,0
"HighSchool",2020,1306,"Chase Lloyd","Westlake","Vanderbilt","ATH",73.5,190,3,0.8438,"Atlanta","GA",13121,"Fulton","ATH",-84.3879824,33.7489954,-86.7816016,36.1626638,215.175296632212,"Atlanta--Athens-Clarke County--Sandy Springs, GA-AL","chase",0,2020,0
"HighSchool",2020,1448,"Ben Cox","Radford","Vanderbilt","OT",77,275,3,0.8397,"Radford","VA",51750,"Radford","OL",-80.5764477,37.1317924,-86.7816016,36.1626638,350.839516003453,"Blacksburg-Christiansburg, VA","ben",0,2020,0
"HighSchool",2020,1507,"Griffin Lampton","St. Thomas Aquinas","Vanderbilt","WDE",75,231,3,0.8376,"Fort Lauderdale","FL",12011,"Broward","DL",-80.1373174,26.1224386,-86.7816016,36.1626638,797.771149839718,"Miami-Port St. Lucie-Fort Lauderdale, FL","griffin",0,2020,0
"HighSchool",2020,1867,"Ethan Barr","Marcus","Vanderbilt","ILB",75,210,3,0.8275,"Flower Mound","TX",48121,"Denton","LB",-97.0969552,33.0145673,-86.7816016,36.1626638,626.193668217489,"Dallas-Fort Worth, TX-OK","ethan",0,2020,0
"HighSchool",2020,3720,"Wesley Schelling","Pearl-Cohn","Vanderbilt","LS",77,240,2,0.7673,"Nashville","TN",47037,"Davidson","ST",-86.7816016,36.1626638,-86.7816016,36.1626638,0,"Nashville-Davidson--Murfreesboro, TN","wesley",0,2020,0
